"employeeid","restaurantid","jobid","dateofbirth","has_driversliscence","name","cityid"
35,634,3,"1977-09-03",True,"Sybilla Flahive",3
36,713,3,"2003-11-08",True,"Willem McAlpin",5
37,539,3,"1964-02-26",True,"Bridgette Euston",2
38,934,3,"1987-12-26",True,"Lilah MacAscaidh",2
39,628,1,"1986-04-05",True,"Cort Teideman",6
40,809,2,"2000-10-26",True,"Jeremias Androck",3
41,894,2,"2004-04-18",True,"Gae Wimlet",6
42,565,3,"1992-01-31",True,"Jasper Basillon",6
43,636,3,"1967-05-11",True,"Elka Tebbutt",2
44,906,1,"1971-02-19",True,"Jozef Braven",7
45,627,2,"1964-07-11",True,"Sheridan Gozard",1
46,625,1,"1968-10-12",True,"Alexandre Capinetti",4
47,665,2,"1999-05-20",True,"Noble Addinall",2
48,1003,1,"1961-06-20",True,"Lindon Windsor",7
49,776,3,"1963-03-15",True,"Doti Benedidick",4
50,597,1,"1991-08-25",True,"Seamus Laterza",5
51,654,3,"1977-12-28",True,"Jacky Loutheane",7
52,682,3,"1987-03-09",True,"Burton Basindale",3
53,746,2,"1977-12-31",True,"Cammy Matejic",3
54,880,1,"1979-11-07",True,"Gwenny Cancelier",2
55,587,1,"1986-12-15",True,"Aigneis Quig",1
56,703,3,"1988-09-12",True,"Reine Booley",6
57,538,1,"1965-10-24",True,"Kassandra Narducci",5
58,972,2,"1988-05-15",True,"Stacee Chaplin",3
59,649,1,"1976-01-12",True,"Freddy Dixcee",3
60,995,1,"1995-06-25",True,"Michaela Common",3
61,994,1,"1986-04-21",True,"Oren Brodhead",1
62,606,3,"1968-12-25",True,"Iorgos Flisher",3
63,607,1,"1980-07-07",True,"Alvinia Mendes",5
64,657,1,"1976-07-17",True,"Nolly Hestrop",6
65,638,1,"1987-12-30",True,"Layne Vergine",1
66,737,1,"1994-11-25",True,"Claresta Pickerell",6
67,750,1,"1981-12-09",True,"Jasmin Louden",7
68,636,1,"1984-09-20",True,"Horatius Yeatman",6
69,827,2,"1974-08-19",True,"Nollie Wisniowski",5
70,645,3,"1974-07-08",True,"Lind Scholl",6
71,684,1,"1985-04-08",True,"Trudy Cromblehome",5
72,997,1,"1983-12-02",True,"Marylou Goldbourn",2
73,625,2,"1966-09-17",True,"Anni Gjerde",3
74,582,3,"2000-09-01",True,"Dominga Chevolleau",7
75,697,2,"1969-04-09",True,"Artair Kirman",2
76,878,2,"1972-07-01",True,"Vida Deakan",4
77,987,3,"1968-02-12",True,"Shaina Guess",5
78,832,1,"1995-03-31",True,"Karyl Crossby",1
79,941,1,"1962-02-28",True,"Adi Saphir",7
80,599,1,"1991-03-16",True,"Jory Borles",1
81,768,3,"1973-12-15",True,"Johnny Pheazey",3
82,536,2,"1987-12-30",True,"Rutter Patience",6
83,594,1,"1999-01-22",True,"Ashil Boribal",6
84,743,3,"1981-04-10",True,"Gare Sloan",3
85,828,1,"1982-03-22",True,"Sherlock Lowen",3
86,749,1,"1992-10-25",True,"Robert Etteridge",1
87,687,1,"1981-05-20",True,"Beitris Molineaux",1
88,571,3,"1983-06-23",True,"Baron Culbert",3
89,655,1,"1988-05-20",True,"Kev Peckett",5
90,897,2,"2004-10-13",True,"Essy Minico",2
91,561,1,"1978-04-22",True,"Huey Roth",3
92,754,1,"2002-07-24",True,"Ema Aires",6
93,894,3,"1966-09-29",True,"Hall Goulborne",4
94,872,1,"1990-02-07",True,"Fairfax Gager",2
95,925,3,"1982-06-19",True,"Marquita Santello",6
96,924,3,"1973-03-25",True,"Xenia Skirvin",7
97,592,2,"1976-01-11",True,"Theressa Ordemann",2
98,817,3,"2004-08-18",True,"Siana Lapworth",3
99,751,3,"1980-03-21",True,"Karrah Kryszkiecicz",1
100,671,1,"1986-03-20",True,"Daphna Catlin",2
101,693,1,"1969-09-19",True,"Carney Gantlett",2
102,512,3,"1971-02-18",True,"Farra Houselee",4
103,662,1,"1985-05-12",True,"Silvia Barkus",1
104,871,3,"2003-11-19",True,"Norman Ansell",7
105,768,1,"1985-06-13",True,"Gael Shilstone",7
106,752,1,"1999-06-10",True,"Rasia Armistead",1
107,772,1,"1991-06-22",True,"Jordana Breffit",1
108,992,3,"1969-07-28",True,"Irv Wellington",7
109,842,1,"2000-06-15",True,"Britney Wooding",4
110,767,1,"1977-05-25",True,"Jermayne Stirland",7
111,602,1,"1982-12-09",True,"Corbett McDowell",6
112,824,2,"1961-09-27",True,"Romonda Glancey",1
113,947,2,"2005-11-26",True,"Darla Plunket",3
114,904,2,"1990-12-08",True,"Marge Berkley",3
115,772,1,"1962-07-28",True,"Henri Zapater",7
116,864,2,"1994-09-10",True,"Barnabas Henricsson",4
117,978,3,"1994-06-04",True,"Jorrie Kingham",2
118,729,1,"1989-10-27",True,"Cirilo Maltman",3
119,924,1,"1987-02-23",True,"Rafaelita Winch",4
120,628,1,"1965-05-15",True,"Olvan Orleton",1
121,729,3,"1980-11-18",True,"Thurstan Scrivinor",2
122,547,1,"1999-07-11",True,"Gabie Patterfield",3
123,919,1,"1980-03-09",True,"Ara Valenta",6
124,584,3,"1965-09-06",True,"Amalie Oleksiak",7
125,755,1,"1970-09-26",True,"Tirrell Heinreich",3
126,615,1,"2001-07-21",True,"Jaymee Manjin",4
127,897,3,"1990-11-06",True,"Dede Piaggia",5
128,868,1,"1985-07-07",True,"Rivi Ellacombe",5
129,740,2,"1971-07-30",True,"Mordy Raleston",2
130,669,1,"2000-03-04",True,"Elene Sclanders",2
131,883,3,"1989-12-31",True,"Dale Wayvill",6
132,808,1,"1976-01-19",True,"Storm Achurch",6
133,801,1,"1979-07-22",True,"Clem Tansly",7
134,751,1,"1974-02-28",True,"Humphrey Grandisson",5
135,538,3,"1974-08-08",True,"Cristal McAnulty",4
136,735,1,"1963-12-12",True,"Magnum Donet",1
137,561,2,"2000-01-30",True,"Wash Mildner",5
138,715,2,"1972-05-07",True,"Carl Moogan",7
139,696,2,"1986-05-31",True,"Nicoli Bilton",1
140,906,3,"1965-06-13",True,"Kahaleel Campsall",5
141,800,2,"1999-04-09",True,"Raymond Snadden",4
142,636,3,"1980-10-20",True,"Tucker Spaight",6
143,738,2,"2005-08-29",True,"Lucretia Carrack",3
144,723,1,"1980-12-02",True,"Arlette Taberer",5
145,670,1,"1986-12-26",True,"Regan Murdie",3
146,794,2,"1998-03-07",True,"Hyman Vischi",5
147,591,1,"2004-02-29",True,"Reinaldo Griss",4
148,982,1,"1967-07-04",True,"Ewan Merlin",5
149,589,2,"2000-11-28",True,"Octavia Purchase",6
150,542,1,"1999-01-27",True,"Christie Dalton",3
151,740,2,"2000-01-09",True,"Lynette Beck",6
152,798,2,"1994-04-06",True,"Giselle Laffan",7
153,545,2,"1999-07-11",True,"Mohandas Loy",3
154,996,2,"1976-07-07",True,"Thayne Pattison",5
155,799,2,"1992-04-26",True,"Krishna Elsdon",5
156,885,3,"1961-06-27",True,"Wiatt Pavkovic",5
157,941,1,"1967-03-30",True,"Launce Merrikin",7
158,861,3,"1983-01-16",True,"Birdie Linstead",5
159,664,3,"1977-01-01",True,"Murry Warden",4
160,822,1,"1996-07-11",True,"Matty Menure",3
161,542,2,"1974-04-28",True,"Fraze Danniell",3
162,533,2,"1983-12-21",True,"Michel Willison",3
163,676,3,"1978-08-25",True,"Nolly Petrovykh",1
164,675,1,"1961-06-08",True,"Packston Donhardt",4
165,774,2,"1998-10-31",True,"Buddie Bifield",3
166,957,2,"1977-09-19",True,"Catlee Aimeric",6
167,659,1,"1984-07-10",True,"Cookie Harteley",4
168,760,3,"1978-03-03",True,"Egbert Dun",4
169,700,2,"2000-06-06",True,"Cathrine Toopin",2
170,769,3,"2004-06-06",True,"Cyndi Moreside",4
171,811,3,"1974-08-30",True,"Devonna Kuhnke",2
172,984,1,"1961-09-18",True,"Cozmo Bleakley",2
173,531,3,"1969-05-05",True,"Jephthah De Biasio",4
174,584,2,"1996-03-04",True,"Cicely Pepon",6
175,931,1,"2004-12-29",True,"Guinna Sandbrook",1
176,516,3,"2001-10-17",True,"Carlo Pendered",7
177,631,1,"1989-12-10",True,"Hal Strong",6
178,784,2,"1975-07-14",True,"Staford Tufts",1
179,753,3,"1982-05-15",True,"Kingsly Cogley",5
180,759,2,"1995-03-07",True,"Corinna Ellingham",6
181,617,3,"1999-12-28",True,"Skipper Lavis",5
182,553,2,"2005-03-31",True,"Mavis Manilow",4
183,697,1,"1985-10-27",True,"Kerk Davson",5
184,798,2,"2003-07-03",True,"Wenona Mars",2
185,714,1,"1983-01-09",True,"Barrie Button",5
186,838,1,"1979-09-13",True,"Richy Doag",3
187,599,2,"1966-05-07",True,"Corabella Ahlf",5
188,821,3,"1999-03-31",True,"Bridgette Ryland",3
189,853,2,"1967-10-15",True,"Emelyne Fenemore",3
190,819,3,"1972-02-03",True,"Ewan Ghilks",1
191,712,1,"1981-07-28",True,"Marmaduke Dawtrey",2
192,766,3,"1985-04-23",True,"Joela Sam",3
193,662,3,"1986-02-24",True,"Caresa Dukes",5
194,776,2,"1970-06-13",True,"Emmet Cummungs",4
195,544,2,"1992-12-22",True,"Heddi Coggeshall",6
196,863,1,"1985-06-06",True,"Irwinn Letertre",2
197,676,2,"1999-01-04",True,"Monte Coning",3
198,922,1,"1979-03-30",True,"Melonie Fulford",2
199,725,1,"1982-12-26",True,"Jarvis Sloper",3
200,613,3,"1993-11-26",True,"Valery Cowdrey",1
201,983,3,"1999-11-11",True,"Venita Gowthorpe",6
202,693,1,"1990-09-06",True,"Theressa Leggate",6
203,550,1,"1994-09-01",True,"Laraine Henrichsen",4
204,828,3,"1964-01-09",True,"Melodie Parsonson",5
205,653,1,"1969-06-04",True,"Penelope Gaddie",5
206,547,3,"2004-08-05",True,"Claudine Rearden",1
207,748,1,"1998-08-18",True,"Gerrard Bartolozzi",3
208,944,1,"1973-10-27",True,"Byrann Sango",1
209,950,3,"1968-02-21",True,"Tybi Pouck",3
210,749,1,"1980-10-29",True,"Sibylle Brankley",3
211,744,1,"1997-06-09",True,"Cassaundra Calrow",4
212,949,1,"1994-10-20",True,"Milka Harbor",3
213,661,3,"1996-05-14",True,"Rudiger Skerratt",6
214,808,1,"1977-08-26",True,"Beret Batchelar",2
215,523,1,"1973-08-07",True,"Woodrow Stanistreet",4
216,812,2,"1996-06-23",True,"Zack Chieco",4
217,823,3,"1975-05-29",True,"Tate Gawkes",2
218,830,2,"2005-07-08",True,"Artus Natte",4
219,590,2,"1991-05-16",True,"Kittie Diglin",1
220,661,2,"1978-07-03",True,"Erminia Mabone",3
221,725,1,"1964-09-26",True,"Verla Giacomuzzi",5
222,644,2,"1974-10-19",True,"Marla Wille",4
223,528,3,"1987-08-01",True,"Henrie Bonelle",3
224,903,2,"1985-11-21",True,"Corny Sercombe",6
225,629,1,"1966-05-27",True,"Pammie Poate",7
226,833,3,"2002-07-27",True,"Camilla Duddin",7
227,701,1,"1985-01-29",True,"Mathilde Satford",6
228,639,3,"1985-03-03",True,"Sadye Pavese",3
229,819,1,"1992-09-01",True,"Biron Greenhouse",6
230,854,1,"1978-12-26",True,"Dallon Cocks",7
231,846,2,"2005-11-07",True,"Eb Olenichev",4
232,958,3,"2002-06-18",True,"Reba McGlew",3
233,902,1,"1964-07-30",True,"Arda Shoreman",4
234,723,3,"1979-07-21",True,"Stormy Anand",7
235,788,3,"1994-10-17",True,"Brandise Lambie",1
236,951,3,"1968-11-23",True,"Eva Kemmett",3
237,766,1,"1977-03-30",True,"Fred Ellsom",4
238,857,2,"1974-12-28",True,"Celle Charman",4
239,569,2,"1963-02-27",True,"Zea Garioch",3
240,968,2,"1981-01-06",True,"Korey Tomsa",4
241,976,2,"1997-11-25",True,"Osborn Stirzaker",7
242,598,1,"1969-07-20",True,"Rachele Ciepluch",3
243,842,3,"1987-12-12",True,"Lynsey Eginton",7
244,857,3,"1991-10-06",True,"Aileen McGivena",3
245,925,1,"1972-04-04",True,"Alec Castanaga",4
246,793,1,"1972-11-26",True,"Catlin Emmanuel",5
247,939,3,"1971-12-17",True,"Billy Duncklee",7
248,612,3,"1977-03-24",True,"Cristobal Crevy",4
249,617,2,"1999-10-16",True,"Josie Maciak",1
250,862,2,"1961-06-11",True,"Rutledge Haws",5
251,896,3,"1990-11-08",True,"Mahalia Chasles",6
252,693,2,"1965-10-09",True,"Lian Vayro",6
253,939,2,"1999-12-06",True,"Conny Dickings",6
254,1000,1,"1969-07-31",True,"Debbi Dailey",2
255,514,3,"2000-10-31",True,"Sissie Wigin",6
256,998,3,"1968-03-21",True,"Linette Eckhard",3
257,702,3,"1995-08-26",True,"Clarke Terrey",6
258,985,1,"1978-01-07",True,"Silvia Antoniades",2
259,644,1,"2005-01-11",True,"Ludovico Lockyer",3
260,747,1,"1996-10-12",True,"Jemima Vinecombe",4
261,887,1,"1973-09-12",True,"Saunderson Teaz",2
262,596,1,"2003-11-10",True,"Hilarius Odams",6
263,579,2,"2004-03-14",True,"Thorsten Greenmon",6
264,611,1,"1976-03-25",True,"Pia Rogez",1
265,958,1,"1999-07-11",True,"Oralia Patifield",1
266,938,1,"1994-11-16",True,"Otha Jodkowski",2
267,566,2,"1982-12-14",True,"Lynea Matches",7
268,929,3,"1993-04-20",True,"Gusty Goble",4
269,912,2,"1999-03-31",True,"Mill Brewett",4
270,683,1,"2001-03-23",True,"Albina Yarker",1
271,635,3,"1992-06-29",True,"Mervin Holttom",5
272,769,1,"2000-08-05",True,"Temp Lowndsborough",3
273,586,3,"1971-09-08",True,"Trixie Halpin",3
274,647,2,"1990-08-16",True,"Midge Poore",2
275,770,2,"1962-03-03",True,"Mikey Hein",2
276,964,3,"1998-10-23",True,"Linell Cathie",3
277,780,2,"1970-11-26",True,"Evey Matussov",6
278,987,2,"1962-01-04",True,"Gabie Raoult",6
279,978,2,"1993-07-14",True,"Lorelei Barhems",3
280,579,2,"1988-07-11",True,"Phil Cutts",6
281,758,1,"1993-09-03",True,"Annabela Nanninini",7
282,626,1,"1992-11-18",True,"Lowrance Golston",5
283,565,1,"1993-03-31",True,"Eben Jervoise",1
284,705,2,"1988-09-22",True,"Mikaela Mintoft",5
285,877,2,"1991-10-09",True,"Christabella McClure",6
286,824,2,"1975-03-14",True,"Kara-lynn Magill",5
287,712,2,"2003-01-22",True,"Starla Foord",5
288,1003,2,"1984-03-14",True,"Beilul Chantillon",7
289,684,3,"1988-05-04",True,"Gasper Klement",3
290,732,1,"1990-10-11",True,"Alex Jellico",6
291,952,1,"1963-04-08",True,"Trix Sweetlove",7
292,704,2,"1984-12-21",True,"Kylie Dumbrall",3
293,711,3,"1989-09-02",True,"Rozelle Dumbare",5
294,778,3,"2004-05-23",True,"Rea O'Luney",1
295,837,3,"1969-12-23",True,"Aylmar Butlin",5
296,961,1,"2004-09-29",True,"Saloma Josh",7
297,831,3,"1991-12-18",True,"Warren Mulliner",3
298,758,1,"1972-05-11",True,"Robert Chate",3
299,822,3,"1961-12-14",True,"Hewie Gley",7
300,679,3,"2003-12-27",True,"Fredra Vanlint",4
301,919,3,"1988-05-10",True,"Wat Scyone",2
302,744,2,"1969-10-28",True,"Merwyn Noke",4
303,698,3,"1988-03-03",True,"Vitoria Arkley",3
304,731,2,"1998-10-12",True,"Adrienne Savidge",3
305,899,2,"1972-01-11",True,"Elizabet Stebbing",2
306,513,3,"2001-08-09",True,"Read Sumpton",3
307,857,2,"1979-05-07",True,"Carlotta Griniov",2
308,919,1,"1990-06-13",True,"Maddy Lainton",1
309,560,3,"1989-11-14",True,"Winnie Vasyutkin",1
310,590,1,"2004-04-17",True,"Jed Todd",4
311,622,2,"1995-03-22",True,"Pip Cambden",2
312,686,2,"1991-01-06",True,"Abbie Wimbridge",5
313,902,1,"1998-12-15",True,"Briny Shekle",6
314,937,2,"1965-04-17",True,"Ethelyn Portigall",7
315,945,1,"1999-10-29",True,"Fay Roughey",3
316,798,3,"1986-09-17",True,"Marigold Nuzzi",1
317,966,3,"1961-08-28",True,"Chad Neumann",6
318,922,1,"1973-11-10",True,"Wendell Draxford",6
319,872,1,"2001-05-22",True,"Hamlen Edyson",4
320,884,3,"1971-10-28",True,"Teressa Menham",4
321,628,1,"2003-07-18",True,"Kiel Orteau",3
322,564,1,"2004-07-13",True,"Spense Oddie",7
323,901,3,"1985-02-22",True,"Starlin Castanyer",5
324,725,2,"1970-09-11",True,"Julio Medendorp",7
325,645,1,"1992-10-10",True,"Cornelle Buddle",6
326,525,2,"1975-04-02",True,"Gert Dyment",2
327,774,1,"1965-05-13",True,"Emlen Meneyer",5
328,515,1,"2003-11-03",True,"Lesya Sigmund",3
329,795,3,"1972-02-07",True,"Felicle Gittis",6
330,838,2,"1986-08-03",True,"Sigismundo Halfacree",2
331,594,2,"1967-11-04",True,"Sheridan Pedlingham",6
332,880,2,"2002-05-21",True,"Hill Sloey",4
333,724,1,"1970-12-27",True,"Elissa Liddicoat",4
334,610,1,"1987-06-15",True,"Gail Dickons",1
335,676,2,"1984-10-03",True,"Rora Belchambers",4
336,737,1,"1984-12-21",True,"Madelene Ivens",4
337,572,1,"1995-03-31",True,"Stanford Patel",2
338,808,3,"2002-11-01",True,"Lavena Bisatt",6
339,634,2,"1967-08-23",True,"Beitris MacAllan",1
340,558,2,"1967-05-07",True,"Werner Menelaws",6
341,675,2,"1992-09-15",True,"Salomone Burditt",4
342,572,3,"1964-08-16",True,"Colline Ghione",1
343,667,3,"1980-10-27",True,"Sabra Scafe",6
344,572,2,"2000-06-05",True,"Allegra Lillow",4
345,947,1,"1991-07-26",True,"Tracie Blunsden",7
346,631,2,"1977-07-25",True,"Fanechka Drover",5
347,983,2,"1989-08-02",True,"Isidor Ingham",1
348,859,2,"2004-12-21",True,"Adda Mulrooney",6
349,548,3,"1976-02-27",True,"Bondy Ashment",4
350,725,3,"1995-05-29",True,"Toddy O'Hallagan",3
351,543,2,"1974-05-07",True,"Stephanie Tuffley",2
352,949,3,"1992-11-17",True,"Christie Doble",5
353,701,3,"1993-03-03",True,"Franciska Cavalier",2
354,691,1,"1960-12-09",True,"Phaedra Iley",4
355,879,2,"1964-07-13",True,"Tucker Castanares",7
356,599,1,"1986-03-24",True,"Linn Trevaskis",7
357,609,1,"1980-02-29",True,"Katya Walley",2
358,824,1,"1994-01-09",True,"Bianca Poyntz",5
359,780,2,"1992-09-24",True,"Lurleen Oxbe",1
360,908,2,"1979-03-05",True,"Mose Robertet",5
361,825,2,"1975-08-16",True,"Silvana Furzey",7
362,632,2,"1963-05-15",True,"Sinclair Reskelly",7
363,952,1,"1967-09-23",True,"Ida Killeley",4
364,599,1,"1961-12-30",True,"Hanson Surr",4
365,694,1,"1973-01-10",True,"Harli Formie",7
366,791,3,"1969-08-19",True,"Byrle Alesio",6
367,769,3,"1985-08-11",True,"Theodore Milburn",2
368,950,2,"1986-09-02",True,"Hans Cluney",3
369,1006,1,"1975-09-25",True,"Camella Valentinetti",6
370,704,2,"1962-10-26",True,"Marie-jeanne Cussins",3
371,858,1,"1992-03-29",True,"Cloris Winchcombe",5
372,539,1,"1995-11-27",True,"Glad Saffill",7
373,691,3,"2005-01-13",True,"Olenka Mill",7
374,987,3,"1985-09-25",True,"Sadella Snalom",1
375,604,2,"1996-03-01",True,"Anjanette Joisce",1
376,508,1,"1966-10-03",True,"Mireille Wrightham",6
377,636,3,"2005-01-31",True,"Tony Lamzed",4
378,533,1,"1987-04-03",True,"Claudius Bauser",2
379,642,1,"1982-09-08",True,"Geoff Casone",7
380,794,2,"1966-12-16",True,"Marlena Stoller",3
381,588,2,"1971-05-07",True,"Rania Rothman",2
382,640,2,"1978-05-18",True,"Mary Farrance",5
383,949,2,"2000-03-30",True,"Gary d'Arcy",7
384,643,2,"1969-10-22",True,"Park Meechan",4
385,777,3,"1986-11-16",True,"Brander Dougal",7
386,747,2,"1973-12-29",True,"Jaclin Boards",7
387,572,1,"1986-02-07",True,"Padgett Marioneau",2
388,763,1,"1996-12-23",True,"Nichole Cruddas",1
389,939,1,"1968-06-20",True,"Davey Curwood",7
390,786,3,"1995-09-09",True,"Bevon Dowman",6
391,706,2,"1993-02-05",True,"Bran Hourican",2
392,528,2,"2003-03-12",True,"Hillie Pindred",5
393,942,1,"1980-04-01",True,"Oralia Menier",5
394,773,3,"1973-11-09",True,"Gustavo Ainsby",7
395,833,1,"1962-06-18",True,"Eduino Harvie",3
396,892,2,"1963-05-24",True,"Danika Jakuszewski",2
397,838,3,"1970-10-26",True,"Glennis McLae",3
398,571,1,"2003-03-12",True,"Christiane Truswell",5
399,592,3,"1961-04-13",True,"Bee Dinnis",3
400,675,1,"1961-08-05",True,"Glyn Corton",2
401,977,3,"1992-08-18",True,"Loria Jarry",5
402,547,2,"1999-08-01",True,"Obidiah Tither",4
403,904,2,"1972-11-22",True,"Keene Romanski",3
404,974,1,"1968-08-03",True,"Karoly Sunock",1
405,517,3,"1984-01-18",True,"Lynnelle Blasl",6
406,837,2,"1964-02-18",True,"Jakob Kennan",3
407,657,2,"1984-11-01",True,"Glenda Padwick",5
408,910,2,"1966-01-17",True,"Henrietta Sproston",5
409,742,2,"1976-06-08",True,"Lorena Sail",7
410,571,3,"1961-07-19",True,"Iggie Robbey",6
411,550,2,"1986-08-06",True,"Jefferey Whittock",6
412,805,2,"1961-06-19",True,"Gil Arzu",5
413,610,2,"1986-06-11",True,"Jamil Larive",6
414,871,3,"2002-11-02",True,"Alasdair Strongman",1
415,653,2,"1976-10-03",True,"Clo Fulop",3
416,781,1,"1986-08-28",True,"Bennie Duncombe",2
417,923,1,"1987-10-25",True,"Leonard Bernlin",6
418,670,1,"1991-10-28",True,"Hi Sitlington",2
419,829,1,"1976-05-29",True,"Emelina Heggman",3
420,887,2,"1967-06-08",True,"Leeanne Jeaffreson",4
421,668,3,"1968-12-02",True,"Annis Bracco",2
422,527,3,"1962-02-19",True,"Joceline Kenway",2
423,836,2,"1981-04-11",True,"Barnard Coronado",7
424,537,1,"1980-10-10",True,"Lorene Vowels",2
425,1004,3,"1989-06-04",True,"Aile Searle",7
426,701,1,"2001-12-13",True,"Kris Bernardez",6
427,931,1,"1979-09-02",True,"Valry Ohrt",1
428,942,1,"1969-09-17",True,"Dru Becket",3
429,984,2,"1992-02-02",True,"Clemmie Rimell",6
430,576,3,"1977-05-10",True,"Leonid Blazhevich",6
431,705,3,"1994-04-04",True,"Kym Bardill",4
432,537,3,"1972-11-26",True,"Wallis Allawy",7
433,855,1,"1983-10-17",True,"Gray Bello",2
434,812,2,"2000-09-02",True,"Tracee Biskupiak",3
435,899,3,"1986-09-05",True,"Lloyd Chipchase",2
436,953,2,"1979-08-22",True,"Luke Oattes",6
437,867,2,"1961-06-08",True,"Sioux Schrir",7
438,871,3,"1982-04-26",True,"Herb Creese",4
439,603,3,"2003-07-15",True,"Issiah McAsgill",5
440,532,2,"1992-11-18",True,"Lenora Dewsbury",4
441,988,2,"1969-03-27",True,"Lucius Dymoke",1
442,906,2,"1997-07-09",True,"Marven Hannent",1
443,817,1,"1984-11-28",True,"Kare Popelay",7
444,688,1,"1969-05-18",True,"Breanne Corradi",5
445,722,2,"1993-07-25",True,"Uriel Gryglewski",1
446,559,1,"1993-10-08",True,"Vere Stannus",3
447,626,3,"1995-03-01",True,"Rafferty Millan",5
448,746,3,"1964-03-26",True,"Desmund Braunter",1
449,726,3,"1979-01-17",True,"Doloritas Arlott",2
450,894,1,"1991-03-09",True,"Hildegarde Mc Pake",7
451,756,2,"1976-11-07",True,"Garner Falconar",5
452,725,2,"1972-01-31",True,"Vilma Roff",5
453,885,2,"2000-06-07",True,"Pansie Fathers",3
454,1000,2,"1978-07-15",True,"Aleta Overshott",2
455,795,2,"1991-03-26",True,"Edik Archer",2
456,678,2,"1991-09-05",True,"Johnathon Kasperski",2
457,976,2,"2004-11-18",True,"Estelle Sulland",4
458,528,3,"1974-09-05",True,"Emlyn Jankiewicz",6
459,662,2,"2000-02-15",True,"Alvin Sagerson",2
460,922,1,"1982-05-06",True,"Stephi Stephens",6
461,709,2,"2005-06-05",True,"Mildrid Dykas",7
462,740,3,"1993-12-29",True,"Rosene Maile",2
463,683,1,"1999-06-06",True,"Catharina Watsham",7
464,987,2,"1964-08-02",True,"Kermie Coxhell",1
465,652,2,"1966-10-13",True,"Beilul Hulmes",6
466,702,1,"1973-08-29",True,"Lydon Penson",4
467,688,3,"1996-11-09",True,"Stephine Luxmoore",2
468,642,1,"1997-01-10",True,"Forbes Philippault",6
469,719,1,"1990-09-28",True,"Pancho Mee",5
470,886,2,"1992-05-08",True,"Virgie Curl",2
471,1002,1,"2001-08-24",True,"Olivero Pullin",5
472,975,1,"1979-12-09",True,"Alessandro Surguine",4
473,713,3,"1976-03-10",True,"Benedict Vasilov",2
474,977,2,"2004-02-15",True,"Egbert Varran",6
475,681,3,"1973-02-21",True,"Aubrette Huske",4
476,1007,3,"2000-06-28",True,"Emmet Overall",1
477,899,1,"1981-01-17",True,"Sibbie Tallyn",6
478,954,3,"1969-04-10",True,"Alphonse Pendrigh",2
479,811,3,"1991-03-13",True,"Hortense Gillam",5
480,784,1,"1984-06-16",True,"Gerek Shimmings",7
481,954,3,"1991-11-02",True,"Louisette Barter",3
482,638,2,"2003-11-10",True,"Loy Coggell",7
483,872,1,"1972-01-23",True,"Elliott Salmons",5
484,704,1,"1975-04-14",True,"Angie McNae",1
485,815,2,"1976-07-27",True,"Cal Martill",3
486,667,3,"2003-12-05",True,"Gifford Heustace",3
487,523,1,"1982-02-03",True,"Lyssa Verzey",7
488,572,2,"1968-10-24",True,"Pooh Bragge",7
489,726,1,"1975-02-13",True,"Gavan MacAllen",4
490,585,3,"2001-01-22",True,"Mel Ellor",3
491,836,1,"2003-04-26",True,"Sybilla Bilston",2
492,562,2,"1991-12-19",True,"Addi Berrecloth",3
493,643,2,"1970-09-08",True,"Bondon Beckley",6
494,767,3,"1984-12-09",True,"Mitchel Rothschild",5
495,676,3,"1979-06-23",True,"Wayne Diamond",3
496,720,2,"1994-11-15",True,"Cathe Watters",6
497,820,2,"1961-08-08",True,"Cammy Dunmore",6
498,730,2,"2002-03-03",True,"Joletta Wroe",2
499,884,3,"2004-07-26",True,"Jock Matuszyk",7
500,724,3,"1987-06-06",True,"Phyllys Ingamells",3
501,888,2,"1970-10-25",True,"Daisy Lourenco",1
502,790,1,"1978-12-24",True,"Valeria Drinnan",5
503,509,1,"1986-02-14",True,"Olia Lamberton",2
504,799,1,"1961-02-21",True,"Aland Parvin",4
505,602,2,"2005-10-25",True,"Danyelle Meadows",6
506,928,2,"1989-08-12",True,"Cherlyn McCrea",6
507,520,3,"1976-11-17",True,"Alessandra Kenningham",3
508,908,3,"1977-11-08",True,"Tamiko Gage",7
509,673,1,"1997-10-17",True,"Franky Basek",3
510,674,2,"1981-06-11",True,"Edouard Tallow",2
511,912,3,"1965-11-15",True,"Findlay Ogg",1
512,808,1,"1961-11-16",True,"Eba Wagerfield",4
513,570,1,"1981-04-12",True,"Albertine Saul",7
514,920,2,"1963-09-14",True,"Stefano Novotni",3
515,570,3,"1970-10-14",True,"Mallory Loghan",1
516,741,1,"1963-02-10",True,"Allix Kaspar",2
517,733,1,"1962-09-22",True,"Parrnell Allard",3
518,522,3,"1998-01-02",True,"Jennilee Fourmy",2
519,831,3,"1982-08-21",True,"Hilliard Skyrme",7
520,924,3,"1997-09-06",True,"Hartwell MacIlwrick",6
521,936,2,"1986-06-04",True,"Annabelle Jakubovicz",5
522,657,1,"1965-10-25",True,"Heath Weekley",1
523,811,1,"1970-08-07",True,"Roby Gherardesci",6
524,584,1,"1965-11-29",True,"Anne-marie Vise",4
525,808,2,"1979-08-30",True,"Kikelia Pedycan",3
526,846,2,"1983-01-23",True,"Northrup Frunks",5
527,534,2,"1991-10-10",True,"Dieter Aire",4
528,732,3,"1993-06-08",True,"Marney Caddie",1
529,1004,3,"1997-01-03",True,"Winny Shrimpton",3
530,804,1,"1962-05-05",True,"Gard Dwine",4
531,956,3,"1986-02-20",True,"Patric Demkowicz",5
532,929,3,"1987-06-27",True,"Novelia Clapham",6
533,624,1,"1988-06-13",True,"Jackie Toll",7
534,526,3,"1994-06-29",True,"Kissiah Sporrij",5
