"restaurantid","cityid","capacity","open_time","close_time","adress","has_delivery","name"
507,1,32,"12:56:00","23:38:00","69 Oxford Terrace",True,"vestibulum vestibulum ante"
508,3,28,"07:51:00","17:50:00","23360 Dwight Place",True,"tempus vel pede"
509,6,70,"15:11:00","23:31:00","2959 Twin Pines Circle",True,"sit amet nulla"
510,2,66,"05:39:00","19:53:00","7416 Redwing Hill",True,"orci luctus"
511,4,77,"06:26:00","19:28:00","48997 Moulton Crossing",True,"ipsum aliquam"
512,5,59,"06:11:00","17:32:00","911 Dwight Pass",True,"ligula suspendisse ornare"
513,1,44,"06:17:00","18:15:00","98 Atwood Street",True,"rutrum ac lobortis"
514,1,86,"05:37:00","19:39:00","936 Anderson Circle",True,"eu"
515,3,28,"08:41:00","22:30:00","65433 Sage Parkway",True,"faucibus orci luctus"
516,2,70,"12:59:00","22:46:00","30575 Green Ridge Avenue",True,"ac"
517,3,15,"10:28:00","21:14:00","2946 Moland Place",True,"placerat"
518,7,81,"15:42:00","17:38:00","40787 Clarendon Way",True,"vestibulum ante ipsum"
519,2,48,"12:18:00","20:57:00","2 Rutledge Lane",True,"donec diam"
520,4,69,"05:37:00","20:49:00","0 Anhalt Circle",True,"pellentesque viverra"
521,7,66,"16:52:00","23:46:00","007 Commercial Plaza",True,"volutpat"
522,7,71,"14:49:00","23:38:00","74256 Raven Way",True,"posuere"
523,5,15,"08:28:00","20:28:00","51899 Nancy Circle",True,"nulla neque"
524,3,29,"09:23:00","18:14:00","5548 Springview Circle",True,"in"
525,7,12,"04:28:00","20:48:00","7730 Meadow Ridge Plaza",True,"mauris laoreet ut"
526,4,90,"05:16:00","21:11:00","194 Comanche Avenue",True,"a pede"
527,6,49,"16:01:00","23:52:00","10438 Arapahoe Point",True,"turpis integer"
528,1,46,"14:28:00","20:23:00","621 Porter Circle",True,"augue a suscipit"
529,4,84,"13:59:00","21:32:00","6 Pine View Junction",True,"proin leo odio"
530,3,68,"15:49:00","22:38:00","0638 Toban Crossing",True,"vestibulum proin eu"
531,3,40,"04:51:00","19:24:00","1595 Katie Alley",True,"tortor risus"
532,1,96,"09:26:00","19:41:00","43 Dunning Court",True,"malesuada in"
533,2,81,"16:05:00","22:52:00","31070 Derek Terrace",True,"felis"
534,7,61,"08:48:00","17:47:00","98 Crescent Oaks Avenue",True,"consequat lectus"
535,4,66,"12:26:00","21:29:00","0 Gateway Alley",True,"nam tristique tortor"
536,2,27,"09:06:00","18:38:00","70345 Loftsgordon Center",True,"viverra"
537,7,63,"10:20:00","20:40:00","3571 Schurz Center",True,"nonummy"
538,1,17,"05:41:00","22:39:00","55 Butterfield Plaza",True,"amet cursus"
539,2,70,"14:43:00","20:15:00","438 Schiller Plaza",True,"rutrum"
540,4,23,"05:34:00","17:23:00","6 Rieder Road",True,"augue"
541,4,92,"06:43:00","21:05:00","7 7th Court",True,"quisque erat eros"
542,5,29,"13:27:00","21:49:00","64820 Wayridge Way",True,"suspendisse"
543,5,67,"16:10:00","18:17:00","623 Hayes Road",True,"nunc proin at"
544,1,73,"15:28:00","18:39:00","675 Kennedy Trail",True,"interdum venenatis"
545,7,10,"04:51:00","18:26:00","3699 Anzinger Point",True,"ac"
546,2,20,"16:07:00","21:01:00","01694 Dapin Way",True,"consequat lectus in"
547,1,48,"04:00:00","20:07:00","6216 Helena Junction",True,"elementum nullam varius"
548,2,99,"10:29:00","18:15:00","03777 Mockingbird Crossing",True,"ut volutpat"
549,6,78,"07:50:00","20:29:00","12652 Westerfield Street",True,"sollicitudin ut"
550,5,35,"16:28:00","18:30:00","5 Luster Court",True,"eget eleifend luctus"
551,5,64,"07:58:00","23:21:00","2926 Killdeer Street",True,"vestibulum proin"
552,4,85,"13:35:00","23:45:00","91 Briar Crest Hill",True,"in porttitor pede"
553,6,25,"05:52:00","17:26:00","8406 Pankratz Crossing",True,"proin"
554,1,73,"14:10:00","21:58:00","91 Sullivan Junction",True,"ipsum aliquam"
555,7,89,"10:42:00","17:47:00","3834 Loeprich Street",True,"commodo placerat praesent"
556,4,67,"16:56:00","22:45:00","69003 Cordelia Lane",True,"vel pede morbi"
557,6,57,"15:16:00","19:30:00","708 Victoria Plaza",True,"pellentesque eget"
558,1,83,"14:22:00","19:38:00","146 Caliangt Trail",True,"sed ante"
559,2,38,"15:24:00","22:17:00","29 Schiller Road",True,"nisl duis"
560,6,74,"06:52:00","18:19:00","44267 Algoma Parkway",True,"augue"
561,5,49,"07:52:00","20:46:00","3 Sage Way",True,"vulputate justo in"
562,6,47,"04:39:00","18:30:00","7 Mayer Drive",True,"at velit eu"
563,3,91,"06:19:00","23:58:00","00 Daystar Place",True,"mi sit amet"
564,6,74,"15:34:00","21:02:00","6762 Oxford Circle",True,"duis"
565,2,17,"05:34:00","22:09:00","36626 Summer Ridge Lane",True,"eget"
566,3,50,"04:12:00","20:08:00","05121 Bay Junction",True,"ut suscipit"
567,1,69,"13:26:00","21:17:00","274 Mcbride Terrace",True,"nisl"
568,4,26,"13:34:00","20:58:00","24751 Ruskin Court",True,"quis"
569,4,20,"11:33:00","18:59:00","92 Carpenter Terrace",True,"sollicitudin vitae consectetuer"
570,5,76,"11:58:00","19:04:00","261 Clyde Gallagher Avenue",True,"tempus"
571,1,81,"08:21:00","22:45:00","71 Fallview Lane",True,"sagittis nam"
572,5,35,"13:32:00","22:39:00","86528 Clove Terrace",True,"diam"
573,1,83,"08:18:00","17:21:00","5084 Bartelt Plaza",True,"eget"
574,5,75,"09:02:00","19:24:00","8930 Corry Hill",True,"molestie nibh"
575,4,97,"08:52:00","23:17:00","714 Hudson Park",True,"fringilla rhoncus"
576,5,38,"15:32:00","22:55:00","4711 Dunning Junction",True,"montes nascetur"
577,4,100,"12:39:00","19:00:00","013 Oakridge Trail",True,"sagittis"
578,1,11,"05:05:00","21:21:00","061 Novick Center",True,"ultrices phasellus id"
579,1,87,"09:37:00","19:42:00","897 Bartillon Way",True,"feugiat"
580,1,91,"06:48:00","19:26:00","37297 Westport Road",True,"sagittis sapien"
581,5,12,"08:19:00","21:03:00","0431 Saint Paul Terrace",True,"amet eros suspendisse"
582,3,95,"05:28:00","18:45:00","71099 Bobwhite Park",True,"donec"
583,5,42,"05:07:00","17:41:00","69315 Fairfield Trail",True,"non interdum"
584,2,89,"16:01:00","22:43:00","04005 Grasskamp Place",True,"sed"
585,7,54,"11:39:00","22:36:00","54477 Buell Way",True,"nisl nunc"
586,2,96,"07:55:00","18:39:00","72315 Arkansas Hill",True,"congue"
587,1,50,"06:34:00","23:24:00","4730 Steensland Drive",True,"condimentum neque"
588,5,97,"07:46:00","17:32:00","6803 Lake View Crossing",True,"in hac"
589,2,92,"07:18:00","20:46:00","8 Bultman Road",True,"faucibus"
590,5,44,"10:01:00","20:06:00","59 Buena Vista Parkway",True,"vestibulum proin"
591,3,42,"14:16:00","20:21:00","2456 Dexter Plaza",True,"posuere"
592,6,14,"08:20:00","19:02:00","89 School Plaza",True,"dis parturient montes"
593,3,55,"11:47:00","17:31:00","2970 Hoffman Lane",True,"nunc rhoncus"
594,1,76,"11:18:00","21:46:00","2 Lotheville Point",True,"congue risus"
595,6,29,"09:38:00","17:08:00","63360 Forest Lane",True,"dapibus at diam"
596,5,97,"10:33:00","19:38:00","1 Sundown Street",True,"nam tristique tortor"
597,2,95,"06:02:00","17:24:00","4523 Hazelcrest Hill",True,"vitae mattis"
598,3,18,"09:42:00","19:25:00","88620 Melby Crossing",True,"ut mauris"
599,7,56,"12:52:00","19:50:00","4 Hauk Avenue",True,"condimentum curabitur in"
600,1,26,"11:10:00","17:22:00","7137 Burrows Avenue",True,"duis"
601,2,52,"13:00:00","23:47:00","1761 Maryland Street",True,"pede"
602,7,57,"04:35:00","23:13:00","71 Farragut Trail",True,"donec"
603,2,47,"05:09:00","19:44:00","957 Bultman Lane",True,"erat"
604,1,66,"06:07:00","19:57:00","41802 Hansons Junction",True,"quam"
605,6,90,"14:31:00","19:50:00","6 Delladonna Pass",True,"non velit donec"
606,7,40,"09:02:00","18:38:00","92 Spaight Court",True,"vulputate justo in"
607,5,96,"11:06:00","23:51:00","5563 Cherokee Point",True,"rhoncus aliquet"
608,6,77,"06:15:00","19:32:00","4 Pankratz Point",True,"sed tristique"
609,6,11,"06:25:00","19:06:00","026 Doe Crossing Junction",True,"congue"
610,6,36,"16:29:00","17:57:00","58 Jana Way",True,"velit vivamus"
611,3,50,"15:37:00","17:15:00","62338 Sachtjen Alley",True,"cubilia curae duis"
612,5,65,"12:23:00","20:49:00","03 Utah Drive",True,"lorem"
613,5,43,"16:10:00","22:40:00","9918 Cottonwood Road",True,"ornare"
614,1,94,"05:56:00","23:30:00","3 2nd Alley",True,"quam fringilla rhoncus"
615,4,98,"06:47:00","21:27:00","7564 Cordelia Parkway",True,"vitae nisl aenean"
616,2,83,"09:50:00","18:03:00","0304 Darwin Center",True,"dictumst etiam faucibus"
617,3,83,"07:36:00","21:27:00","0 Vidon Pass",True,"hac habitasse platea"
618,2,70,"09:45:00","23:10:00","13583 Scott Alley",True,"aliquam convallis nunc"
619,1,64,"04:30:00","17:05:00","6 Montana Court",True,"nullam"
620,3,22,"07:20:00","17:06:00","5678 Main Street",True,"non velit nec"
621,4,43,"13:29:00","23:26:00","29 Sachtjen Avenue",True,"nulla facilisi"
622,6,16,"15:50:00","21:56:00","01338 Fuller Court",True,"fermentum justo"
623,7,69,"08:20:00","20:35:00","74176 Lighthouse Bay Street",True,"sit amet eleifend"
624,7,56,"04:37:00","18:55:00","34271 Doe Crossing Parkway",True,"bibendum"
625,5,10,"07:51:00","17:46:00","7993 Sage Circle",True,"vel accumsan tellus"
626,2,94,"07:35:00","21:15:00","5 Leroy Circle",True,"libero rutrum"
627,2,15,"15:27:00","22:02:00","49060 Norway Maple Pass",True,"sit amet turpis"
628,2,60,"08:48:00","23:26:00","80 Monument Crossing",True,"ac consequat metus"
629,3,41,"13:14:00","17:34:00","51692 Dayton Plaza",True,"morbi ut"
630,1,16,"15:16:00","19:57:00","1020 Pond Crossing",True,"sem praesent"
631,3,81,"15:12:00","17:35:00","832 Orin Place",True,"amet erat"
632,5,52,"12:07:00","17:07:00","316 Delladonna Junction",True,"ultrices"
633,4,80,"14:47:00","17:07:00","10035 Debs Place",True,"et magnis"
634,4,39,"06:35:00","17:37:00","1846 Sugar Place",True,"non pretium"
635,5,50,"16:38:00","19:54:00","2046 Maple Center",True,"posuere felis sed"
636,6,46,"10:02:00","17:40:00","78698 Homewood Junction",True,"odio"
637,3,38,"16:28:00","23:34:00","03126 Ruskin Avenue",True,"venenatis tristique"
638,3,20,"14:12:00","21:55:00","86240 Columbus Hill",True,"congue"
639,6,14,"04:22:00","20:45:00","6 Clyde Gallagher Junction",True,"iaculis diam"
640,1,76,"05:01:00","22:56:00","26 Cottonwood Parkway",True,"nulla sed"
641,7,70,"09:39:00","21:24:00","1 Ludington Junction",True,"velit id"
642,1,48,"16:20:00","19:39:00","66 Straubel Terrace",True,"ultrices"
643,3,99,"07:57:00","20:33:00","223 Cody Alley",True,"posuere cubilia curae"
644,5,13,"12:36:00","20:52:00","30 Judy Parkway",True,"odio odio elementum"
645,2,61,"13:39:00","21:24:00","3976 Logan Drive",True,"est risus auctor"
646,7,14,"13:48:00","21:01:00","42 7th Crossing",True,"mattis"
647,6,17,"15:16:00","19:09:00","11 Rockefeller Junction",True,"mattis"
648,4,45,"07:53:00","20:22:00","6 Anthes Way",True,"lorem ipsum dolor"
649,2,40,"06:03:00","23:27:00","7076 West Point",True,"magnis"
650,5,88,"15:19:00","18:18:00","337 Holy Cross Drive",True,"venenatis turpis enim"
651,7,44,"16:37:00","17:46:00","217 Cottonwood Terrace",True,"non interdum in"
652,5,15,"15:04:00","18:11:00","086 Atwood Lane",True,"vel ipsum praesent"
653,5,67,"10:12:00","22:39:00","883 Scofield Avenue",True,"convallis"
654,1,44,"12:09:00","22:54:00","850 Menomonie Way",True,"pede lobortis"
655,4,95,"07:06:00","18:38:00","9 Mifflin Circle",True,"hendrerit at vulputate"
656,4,21,"06:56:00","20:00:00","8417 Meadow Vale Road",True,"mi"
657,6,44,"11:23:00","22:53:00","00 Russell Circle",True,"pede venenatis non"
658,6,53,"12:06:00","22:46:00","6005 Cottonwood Hill",True,"posuere cubilia"
659,2,88,"04:09:00","19:01:00","3126 Sunbrook Circle",True,"amet"
660,7,69,"05:10:00","21:12:00","820 American Ash Center",True,"at turpis a"
661,4,40,"07:48:00","22:52:00","50227 Elka Trail",True,"nunc"
662,6,37,"15:09:00","23:42:00","9690 Lawn Hill",True,"elit"
663,1,86,"09:40:00","17:42:00","21930 Farmco Trail",True,"sapien"
664,2,46,"14:04:00","21:45:00","6644 Kropf Street",True,"ut"
665,5,83,"05:24:00","19:14:00","3926 Pepper Wood Crossing",True,"sem duis"
666,3,92,"10:26:00","18:57:00","12 Garrison Avenue",True,"aliquam non mauris"
667,5,73,"12:09:00","21:23:00","8767 Vernon Junction",True,"volutpat convallis morbi"
668,5,44,"07:47:00","22:05:00","13 Leroy Road",True,"rutrum rutrum neque"
669,3,12,"09:09:00","22:37:00","29 Melvin Point",True,"suspendisse potenti"
670,3,82,"10:03:00","19:02:00","80530 Ridgeway Terrace",True,"luctus"
671,4,70,"08:46:00","18:41:00","62 Shopko Trail",True,"pellentesque"
672,6,79,"12:02:00","23:28:00","5865 Raven Drive",True,"consequat varius"
673,4,100,"15:54:00","18:17:00","6 Dunning Plaza",True,"sapien a libero"
674,1,11,"11:52:00","23:30:00","055 Fieldstone Drive",True,"nulla"
675,3,51,"11:11:00","18:37:00","238 Mcguire Center",True,"habitasse"
676,3,27,"10:29:00","21:16:00","6 Lunder Drive",True,"lacus morbi quis"
677,5,26,"11:17:00","20:20:00","9004 Basil Junction",True,"volutpat eleifend donec"
678,5,30,"14:46:00","22:23:00","56878 Vermont Alley",True,"sit"
679,2,17,"11:49:00","18:17:00","561 Hudson Road",True,"aliquam"
680,2,52,"08:04:00","23:21:00","5037 Sundown Hill",True,"nascetur ridiculus mus"
681,2,83,"12:59:00","17:54:00","806 Caliangt Center",True,"platea"
682,6,69,"07:14:00","18:36:00","6 Dakota Parkway",True,"pede"
683,1,48,"13:03:00","18:24:00","9 Brickson Park Park",True,"nulla"
684,5,67,"06:17:00","18:42:00","11638 Heffernan Avenue",True,"libero"
685,7,69,"16:27:00","22:12:00","2087 Mallard Crossing",True,"eget"
686,2,72,"13:18:00","17:16:00","6796 Pleasure Center",True,"sit amet diam"
687,5,83,"11:35:00","22:01:00","98 Graedel Trail",True,"accumsan"
688,5,22,"14:56:00","22:39:00","33017 Thompson Center",True,"magna"
689,7,78,"11:13:00","20:36:00","9 Fairfield Junction",True,"semper interdum"
690,7,27,"04:57:00","22:43:00","3022 Scoville Trail",True,"risus semper porta"
691,1,21,"06:33:00","23:57:00","83555 Vidon Street",True,"hac"
692,5,40,"16:25:00","22:51:00","1759 Farmco Lane",True,"a odio"
693,6,36,"08:35:00","18:02:00","4 Bellgrove Park",True,"congue eget semper"
694,6,91,"15:33:00","22:22:00","4 Algoma Parkway",True,"cursus"
695,1,24,"16:36:00","22:19:00","5406 Stang Park",True,"ut tellus"
696,5,67,"08:57:00","23:12:00","1 Merry Lane",True,"dictumst"
697,7,58,"06:51:00","21:33:00","1 Grayhawk Plaza",True,"id pretium"
698,5,57,"05:01:00","19:23:00","4980 Towne Avenue",True,"molestie lorem quisque"
699,2,46,"05:24:00","17:48:00","00 Lakewood Gardens Park",True,"arcu sed augue"
700,6,99,"04:33:00","21:34:00","2 Grayhawk Circle",True,"duis"
701,4,86,"09:54:00","17:41:00","22 Leroy Street",True,"non mauris"
702,6,61,"06:14:00","19:22:00","3 Summerview Circle",True,"nibh fusce lacus"
703,3,11,"15:03:00","20:38:00","983 Dahle Point",True,"mauris"
704,5,76,"13:33:00","21:18:00","15 Mosinee Drive",True,"ut at"
705,4,75,"14:28:00","22:08:00","41169 Hermina Point",True,"ac consequat"
706,4,93,"14:19:00","22:21:00","49 Miller Point",True,"vulputate justo in"
707,2,27,"15:36:00","21:49:00","4395 Sauthoff Junction",True,"orci luctus et"
708,7,20,"13:01:00","17:11:00","2828 Briar Crest Road",True,"quis justo"
709,2,22,"13:06:00","20:02:00","29 Kennedy Parkway",True,"nec molestie sed"
710,4,71,"16:42:00","17:06:00","850 2nd Park",True,"felis"
711,3,23,"05:01:00","19:39:00","1298 Oak Parkway",True,"et tempus"
712,3,50,"09:53:00","23:24:00","90466 Autumn Leaf Road",True,"turpis elementum ligula"
713,2,36,"06:00:00","18:58:00","5229 Schmedeman Junction",True,"sagittis sapien"
714,1,58,"07:42:00","18:50:00","2 Manley Center",True,"rhoncus aliquet pulvinar"
715,3,44,"07:27:00","22:51:00","52218 Mitchell Alley",True,"felis ut at"
716,2,34,"12:38:00","17:52:00","06777 Pierstorff Avenue",True,"viverra"
717,4,80,"05:21:00","20:00:00","2 Fairfield Circle",True,"lacinia aenean sit"
718,7,24,"13:10:00","23:09:00","89 Emmet Court",True,"porttitor lorem id"
719,2,11,"08:05:00","22:02:00","46 Armistice Lane",True,"libero nam dui"
720,3,47,"05:00:00","23:22:00","9 Walton Place",True,"cursus vestibulum proin"
721,3,78,"10:29:00","23:00:00","2662 Dayton Parkway",True,"eleifend"
722,1,75,"06:50:00","23:29:00","65476 Schurz Hill",True,"nonummy integer"
723,4,73,"16:21:00","23:27:00","548 Northfield Center",True,"felis"
724,5,96,"10:09:00","21:14:00","94 Graceland Junction",True,"id consequat in"
725,1,14,"06:52:00","17:17:00","8 Dixon Crossing",True,"lacinia aenean"
726,5,15,"16:46:00","17:13:00","5 Northridge Hill",True,"id consequat"
727,2,18,"05:13:00","23:11:00","79201 Village Avenue",True,"feugiat non"
728,3,91,"11:49:00","21:37:00","53 Pleasure Center",True,"pede posuere"
729,3,96,"05:08:00","23:24:00","9662 Leroy Street",True,"pellentesque"
730,1,93,"16:57:00","19:58:00","7 Orin Parkway",True,"habitasse platea dictumst"
731,3,96,"09:05:00","22:41:00","7424 Blackbird Place",True,"eget orci vehicula"
732,3,30,"11:51:00","18:11:00","589 Mallory Alley",True,"consequat morbi a"
733,2,86,"10:40:00","23:34:00","89173 Quincy Lane",True,"mus"
734,4,71,"06:49:00","19:51:00","38077 Springs Center",True,"at nulla suspendisse"
735,3,28,"13:50:00","20:20:00","498 Becker Place",True,"maecenas ut massa"
736,6,73,"14:38:00","20:22:00","5 Meadow Vale Pass",True,"quam"
737,4,54,"08:13:00","23:01:00","236 Elmside Road",True,"orci vehicula"
738,7,95,"14:13:00","17:17:00","930 Lotheville Way",True,"sit"
739,7,80,"13:58:00","18:13:00","43 Utah Point",True,"et commodo"
740,4,61,"10:43:00","20:29:00","1 Rowland Parkway",True,"justo"
741,7,81,"04:09:00","21:33:00","507 Shoshone Lane",True,"sed vel"
742,6,45,"04:59:00","17:17:00","9 Canary Avenue",True,"ligula pellentesque ultrices"
743,3,72,"09:55:00","22:19:00","27411 Orin Alley",True,"tempus"
744,1,98,"06:48:00","20:47:00","45 Mallard Plaza",True,"at"
745,6,92,"15:53:00","22:20:00","3163 Merchant Junction",True,"libero non"
746,4,80,"10:49:00","18:43:00","6 Sullivan Court",True,"odio in"
747,3,15,"06:16:00","17:21:00","6831 Glacier Hill Street",True,"ultrices"
748,7,10,"11:51:00","21:41:00","19 Longview Place",True,"sapien urna"
749,5,62,"12:58:00","23:20:00","4737 Briar Crest Trail",True,"hendrerit"
750,1,69,"11:16:00","17:27:00","4 Del Sol Plaza",True,"dolor sit amet"
751,2,21,"04:12:00","21:02:00","1 Mcguire Terrace",True,"turpis enim blandit"
752,6,92,"11:15:00","23:08:00","791 Glacier Hill Drive",True,"justo aliquam quis"
753,7,19,"05:02:00","21:49:00","3 Declaration Pass",True,"justo eu"
754,3,40,"12:18:00","21:09:00","814 Derek Pass",True,"sem sed sagittis"
755,2,24,"11:31:00","17:55:00","8410 Oakridge Circle",True,"duis aliquam"
756,3,87,"13:25:00","18:33:00","73315 2nd Drive",True,"nulla sed"
757,3,14,"06:42:00","21:35:00","0 Prentice Court",True,"eu est congue"
758,2,78,"16:48:00","22:07:00","608 Spenser Pass",True,"egestas metus aenean"
759,3,94,"14:47:00","23:48:00","2 Northwestern Trail",True,"fermentum"
760,4,59,"06:29:00","19:38:00","73 Hollow Ridge Pass",True,"ac"
761,1,43,"10:06:00","23:03:00","38 Steensland Road",True,"pede"
762,4,78,"16:42:00","19:56:00","949 Boyd Drive",True,"habitasse platea"
763,1,39,"04:56:00","20:07:00","4232 Pawling Park",True,"quis turpis"
764,2,81,"04:17:00","18:29:00","8 Sachtjen Terrace",True,"neque aenean"
765,2,72,"13:15:00","21:15:00","5 Huxley Hill",True,"luctus"
766,4,50,"04:00:00","22:37:00","77487 Lake View Hill",True,"praesent lectus"
767,3,51,"08:23:00","23:47:00","80 Grasskamp Crossing",True,"dui nec"
768,6,27,"09:45:00","23:52:00","5 Derek Point",True,"metus sapien ut"
769,5,46,"13:16:00","22:17:00","0 Swallow Pass",True,"tellus nulla"
770,2,90,"13:18:00","19:49:00","234 Dakota Crossing",True,"ultrices posuere"
771,2,50,"06:46:00","21:28:00","64038 Butterfield Lane",True,"non mattis"
772,6,66,"07:42:00","20:14:00","8 Lyons Center",True,"vestibulum proin eu"
773,5,32,"05:27:00","19:26:00","27615 Alpine Parkway",True,"orci"
774,6,95,"13:40:00","22:43:00","7311 Arizona Court",True,"in est"
775,5,51,"05:05:00","22:25:00","45 Waywood Avenue",True,"penatibus"
776,4,23,"14:34:00","19:05:00","1 Lukken Hill",True,"feugiat"
777,5,15,"15:51:00","21:42:00","18 Service Lane",True,"primis"
778,2,28,"13:17:00","22:39:00","3494 Loftsgordon Circle",True,"nunc donec"
779,4,97,"12:19:00","18:38:00","8374 Steensland Street",True,"diam cras"
780,1,39,"09:56:00","21:35:00","618 Onsgard Street",True,"sapien"
781,1,13,"08:35:00","19:49:00","88 Myrtle Parkway",True,"in faucibus"
782,7,57,"16:55:00","17:14:00","94035 Milwaukee Point",True,"viverra diam"
783,2,47,"06:49:00","22:37:00","92 Schurz Circle",True,"diam vitae quam"
784,2,21,"09:05:00","23:02:00","45 Boyd Park",True,"est"
785,5,12,"08:34:00","21:00:00","41324 Maple Circle",True,"dui"
786,5,27,"10:36:00","17:51:00","3512 Milwaukee Park",True,"sapien"
787,6,91,"07:06:00","22:23:00","7499 Northview Park",True,"pellentesque at nulla"
788,5,13,"05:14:00","23:17:00","214 Warrior Alley",True,"phasellus id sapien"
789,1,42,"14:41:00","21:15:00","519 Moose Trail",True,"et magnis dis"
790,2,57,"04:51:00","21:36:00","7 Autumn Leaf Way",True,"nisl ut volutpat"
791,7,34,"10:54:00","19:00:00","011 Anhalt Road",True,"tristique"
792,5,15,"13:35:00","21:26:00","2 Scofield Terrace",True,"a pede posuere"
793,7,81,"16:34:00","22:49:00","105 Hovde Pass",True,"pretium quis lectus"
794,3,41,"09:46:00","18:38:00","2208 Anderson Plaza",True,"integer pede"
795,5,25,"10:21:00","21:44:00","8 Schiller Place",True,"blandit lacinia"
796,1,56,"12:24:00","18:41:00","4749 Village Green Terrace",True,"curae mauris viverra"
797,7,41,"14:30:00","18:30:00","502 Barby Way",True,"ac nibh fusce"
798,2,33,"04:56:00","19:52:00","65885 Tennyson Drive",True,"et"
799,1,35,"11:23:00","22:09:00","9 5th Place",True,"adipiscing"
800,6,63,"08:24:00","20:36:00","05182 Butternut Parkway",True,"curae"
801,3,19,"15:35:00","22:37:00","224 Walton Alley",True,"aliquam"
802,6,32,"14:23:00","23:31:00","69 South Court",True,"condimentum curabitur"
803,2,78,"14:39:00","19:59:00","7 Shasta Center",True,"fusce"
804,6,50,"10:33:00","21:34:00","4557 Messerschmidt Pass",True,"cras"
805,4,31,"15:42:00","18:44:00","6 Reinke Junction",True,"nam nulla integer"
806,3,61,"12:50:00","19:14:00","9712 Vermont Avenue",True,"libero"
807,6,39,"13:09:00","18:33:00","57 Corry Terrace",True,"dui vel sem"
808,5,51,"08:04:00","20:59:00","8327 Ridgeway Point",True,"ipsum primis in"
809,7,61,"09:50:00","18:40:00","909 Darwin Point",True,"odio consequat"
810,2,100,"07:28:00","22:12:00","96 Rowland Plaza",True,"venenatis"
811,7,99,"15:23:00","21:06:00","024 Caliangt Center",True,"pede morbi"
812,3,52,"11:24:00","21:03:00","172 5th Plaza",True,"ullamcorper"
813,4,15,"09:43:00","22:57:00","36024 Schlimgen Plaza",True,"ornare imperdiet"
814,5,16,"16:37:00","22:36:00","9389 Crescent Oaks Junction",True,"in"
815,5,91,"07:32:00","19:23:00","12 Fairview Park",True,"posuere felis"
816,2,80,"05:33:00","20:53:00","030 Bartelt Place",True,"vitae ipsum aliquam"
817,3,20,"05:30:00","20:24:00","413 Dayton Parkway",True,"molestie"
818,1,63,"06:07:00","20:03:00","96 Kensington Street",True,"vel"
819,2,33,"13:38:00","23:32:00","6 Muir Point",True,"iaculis diam"
820,1,63,"10:35:00","19:28:00","2 Pearson Center",True,"tellus in sagittis"
821,4,49,"12:52:00","23:21:00","4640 Lunder Street",True,"in faucibus orci"
822,3,55,"05:06:00","17:49:00","74424 Pennsylvania Drive",True,"turpis nec"
823,7,10,"15:36:00","18:12:00","93553 Butternut Lane",True,"viverra eget"
824,4,33,"08:13:00","22:57:00","9 Erie Point",True,"cubilia curae"
825,4,47,"14:39:00","21:44:00","9 Sunbrook Trail",True,"duis bibendum"
826,4,43,"09:19:00","18:34:00","6 Continental Park",True,"in"
827,5,75,"09:57:00","21:39:00","2775 Nevada Avenue",True,"luctus rutrum nulla"
828,1,71,"14:49:00","20:52:00","6163 Clemons Way",True,"quam"
829,6,60,"08:41:00","17:48:00","3 Laurel Lane",True,"quam"
830,7,25,"06:35:00","17:28:00","93 Spohn Terrace",True,"congue etiam"
831,1,43,"09:08:00","18:45:00","93 Thierer Center",True,"et"
832,6,94,"08:06:00","20:43:00","365 Village Lane",True,"duis ac"
833,3,81,"11:35:00","19:40:00","45 Forest Hill",True,"elit"
834,1,26,"05:29:00","17:11:00","2185 Monument Drive",True,"erat vestibulum"
835,2,51,"09:55:00","22:58:00","59 Crowley Junction",True,"convallis tortor"
836,3,15,"05:10:00","20:10:00","2 Stuart Plaza",True,"ullamcorper augue"
837,6,53,"14:30:00","23:38:00","8670 Manley Plaza",True,"dui maecenas"
838,7,80,"07:19:00","17:45:00","877 American Ash Drive",True,"suspendisse ornare consequat"
839,7,92,"08:13:00","17:34:00","4535 Packers Court",True,"nec"
840,5,39,"06:59:00","17:19:00","82712 Steensland Place",True,"ligula"
841,6,62,"14:54:00","17:01:00","434 Hazelcrest Park",True,"nulla ut erat"
842,4,80,"09:48:00","20:43:00","56 Farragut Place",True,"justo"
843,7,96,"05:55:00","19:21:00","4 Elka Circle",True,"at lorem integer"
844,7,77,"15:27:00","17:53:00","57703 Canary Junction",True,"vulputate vitae"
845,7,64,"08:38:00","18:52:00","9007 Nobel Junction",True,"integer aliquet"
846,3,20,"07:51:00","17:51:00","962 Hoffman Park",True,"quis turpis"
847,2,24,"11:35:00","17:31:00","6 Fordem Avenue",True,"mi sit amet"
848,2,32,"05:58:00","21:39:00","0896 Village Place",True,"fringilla rhoncus mauris"
849,3,83,"10:15:00","19:23:00","1621 Pleasure Hill",True,"parturient montes"
850,6,43,"09:55:00","22:02:00","581 Nelson Street",True,"platea dictumst morbi"
851,2,36,"15:43:00","19:15:00","785 Spenser Trail",True,"nulla"
852,3,31,"09:57:00","21:19:00","45 Cascade Parkway",True,"proin interdum mauris"
853,5,17,"09:23:00","18:03:00","5 Dottie Junction",True,"nibh quisque"
854,7,60,"13:51:00","20:32:00","80771 Sheridan Parkway",True,"primis in"
855,7,36,"14:57:00","23:11:00","06 Fallview Plaza",True,"nam"
856,7,22,"04:09:00","19:01:00","0400 Arizona Crossing",True,"duis consequat"
857,7,50,"16:03:00","23:40:00","13 Spohn Place",True,"porta volutpat quam"
858,2,76,"10:27:00","17:11:00","6359 Cottonwood Way",True,"sit amet nunc"
859,5,87,"15:42:00","18:42:00","493 Briar Crest Alley",True,"bibendum morbi non"
860,3,15,"16:14:00","18:03:00","2 Huxley Parkway",True,"convallis"
861,5,70,"06:24:00","22:11:00","05552 3rd Lane",True,"venenatis lacinia"
862,3,90,"16:27:00","23:50:00","343 Dayton Plaza",True,"rutrum"
863,4,12,"11:35:00","20:41:00","617 Blaine Street",True,"convallis nunc proin"
864,4,47,"11:16:00","22:12:00","3021 Schurz Street",True,"aenean"
865,3,45,"13:58:00","23:19:00","22 Di Loreto Trail",True,"justo"
866,5,26,"08:46:00","23:08:00","32893 Grayhawk Road",True,"dui vel"
867,5,85,"09:37:00","23:37:00","056 Sunbrook Point",True,"sapien arcu sed"
868,6,24,"11:09:00","20:54:00","76482 Columbus Crossing",True,"nulla ultrices"
869,1,23,"08:16:00","17:43:00","0 Hauk Court",True,"justo etiam pretium"
870,3,56,"07:39:00","17:03:00","4 Corscot Way",True,"vulputate vitae nisl"
871,7,55,"07:32:00","22:55:00","3 Lunder Street",True,"faucibus"
872,7,98,"11:09:00","20:17:00","2633 Eliot Plaza",True,"augue aliquam erat"
873,1,86,"14:37:00","22:09:00","0106 Sunfield Trail",True,"ultrices aliquet maecenas"
874,4,32,"06:19:00","19:24:00","99 Mifflin Place",True,"lectus pellentesque at"
875,4,12,"07:33:00","17:06:00","6497 Pierstorff Crossing",True,"a libero"
876,1,99,"06:32:00","23:31:00","6 Melvin Point",True,"sem mauris"
877,2,34,"13:49:00","20:16:00","7506 Delaware Road",True,"blandit nam nulla"
878,6,20,"15:01:00","20:33:00","554 Namekagon Trail",True,"ligula vehicula consequat"
879,2,52,"06:32:00","19:28:00","77794 Vera Court",True,"libero rutrum"
880,5,99,"04:39:00","23:19:00","00761 West Court",True,"in"
881,2,88,"10:47:00","23:50:00","768 Memorial Avenue",True,"tempus vel pede"
882,6,78,"16:52:00","23:01:00","214 Vermont Alley",True,"in tempus"
883,3,52,"07:54:00","23:54:00","196 Linden Avenue",True,"consequat lectus"
884,6,40,"11:37:00","21:02:00","64638 Erie Terrace",True,"magna ac consequat"
885,3,77,"16:20:00","19:17:00","60821 Linden Road",True,"turpis elementum ligula"
886,3,37,"11:16:00","21:10:00","832 Westridge Avenue",True,"purus aliquet at"
887,7,43,"04:37:00","21:32:00","6 Leroy Hill",True,"justo maecenas rhoncus"
888,4,65,"08:56:00","18:15:00","53 Everett Drive",True,"ornare consequat lectus"
889,3,27,"16:37:00","19:30:00","794 Ridgeway Plaza",True,"tempus"
890,4,59,"09:27:00","18:02:00","98545 Cottonwood Court",True,"phasellus in felis"
891,3,80,"15:26:00","23:57:00","4 Sachtjen Place",True,"elit"
892,3,85,"10:52:00","21:40:00","17 Northland Parkway",True,"quis orci"
893,1,24,"12:13:00","20:14:00","987 Mandrake Street",True,"lacinia nisi venenatis"
894,3,59,"16:24:00","17:42:00","73287 Cottonwood Junction",True,"maecenas"
895,2,95,"07:58:00","22:59:00","01093 Kipling Lane",True,"turpis a pede"
896,7,99,"11:26:00","20:50:00","3985 Mayer Center",True,"erat id mauris"
897,3,64,"07:10:00","23:04:00","32 Elka Plaza",True,"ridiculus mus vivamus"
898,1,35,"04:12:00","22:39:00","23394 Waubesa Parkway",True,"vulputate"
899,4,96,"06:42:00","19:26:00","6 Emmet Plaza",True,"quam turpis"
900,5,98,"10:12:00","17:16:00","1 Barnett Lane",True,"convallis"
901,3,44,"10:54:00","23:23:00","00 Eastwood Lane",True,"maecenas leo"
902,3,58,"14:17:00","21:43:00","995 Monica Parkway",True,"morbi quis tortor"
903,7,50,"16:09:00","20:23:00","223 Reindahl Place",True,"tincidunt lacus at"
904,4,26,"13:59:00","22:47:00","6 Bartelt Court",True,"ut blandit"
905,3,10,"13:31:00","22:06:00","039 Ilene Park",True,"erat"
906,7,45,"05:40:00","19:23:00","214 Mockingbird Parkway",True,"id nisl venenatis"
907,2,74,"04:30:00","23:51:00","5 Meadow Vale Center",True,"dolor"
908,4,36,"13:43:00","22:52:00","230 Village Drive",True,"nulla"
909,4,23,"11:03:00","23:22:00","5 Quincy Junction",True,"ut tellus"
910,4,54,"13:00:00","20:39:00","8115 Linden Point",True,"hac"
911,5,79,"08:29:00","22:07:00","50 Kenwood Way",True,"justo"
912,7,25,"05:50:00","17:40:00","460 Morningstar Center",True,"dui maecenas tristique"
913,5,61,"11:07:00","21:16:00","8 Helena Point",True,"interdum mauris non"
914,4,85,"11:39:00","21:15:00","7 Riverside Parkway",True,"bibendum imperdiet nullam"
915,1,23,"13:13:00","18:08:00","39 Fieldstone Hill",True,"quisque"
916,6,31,"12:47:00","17:44:00","13363 Ludington Park",True,"lacus"
917,7,67,"04:46:00","17:01:00","9 Norway Maple Way",True,"id sapien in"
918,3,76,"06:12:00","21:27:00","5602 Fallview Circle",True,"ullamcorper"
919,3,33,"13:30:00","17:00:00","6 Talmadge Place",True,"praesent id massa"
920,5,50,"04:30:00","19:16:00","4 Northport Drive",True,"feugiat et eros"
921,7,95,"11:01:00","23:10:00","4025 Dovetail Road",True,"integer"
922,1,11,"06:17:00","22:15:00","5 Spenser Alley",True,"faucibus"
923,6,91,"08:04:00","20:37:00","815 John Wall Plaza",True,"nunc viverra dapibus"
924,7,43,"04:40:00","23:50:00","4365 Sunnyside Lane",True,"vulputate vitae"
925,1,60,"08:23:00","18:39:00","669 Loftsgordon Street",True,"rhoncus mauris"
926,5,37,"07:08:00","22:55:00","090 Dwight Place",True,"tempus vivamus in"
927,5,33,"15:28:00","19:31:00","178 Milwaukee Circle",True,"duis consequat"
928,1,57,"04:14:00","22:13:00","5164 Forster Alley",True,"sapien varius"
929,7,83,"07:45:00","20:24:00","978 Thompson Pass",True,"congue vivamus"
930,2,93,"12:14:00","23:31:00","0 David Place",True,"est et"
931,4,81,"15:07:00","20:07:00","0 Scofield Court",True,"cum sociis"
932,7,38,"09:06:00","22:34:00","5 Buell Lane",True,"vivamus tortor duis"
933,6,19,"07:12:00","22:49:00","7917 Valley Edge Park",True,"curabitur in"
934,5,49,"14:39:00","23:23:00","7 Badeau Park",True,"hendrerit at vulputate"
935,7,55,"10:27:00","19:28:00","04688 Monument Point",True,"vitae nisl"
936,2,57,"16:14:00","18:53:00","15073 Sutteridge Crossing",True,"vestibulum"
937,4,45,"13:34:00","18:35:00","82448 Golf View Hill",True,"at nulla suspendisse"
938,1,42,"14:56:00","18:53:00","64 Oriole Way",True,"purus"
939,3,95,"08:12:00","21:13:00","0487 Mayfield Circle",True,"magna"
940,6,39,"07:06:00","20:06:00","5 Declaration Alley",True,"diam"
941,1,66,"15:28:00","22:29:00","24285 Muir Way",True,"fusce"
942,2,87,"14:30:00","20:35:00","45466 Ruskin Point",True,"odio justo sollicitudin"
943,4,82,"09:34:00","18:52:00","20312 6th Place",True,"metus arcu adipiscing"
944,1,70,"16:44:00","22:01:00","19 Sheridan Drive",True,"fusce"
945,4,75,"13:20:00","23:31:00","4385 American Circle",True,"diam"
946,3,90,"05:16:00","22:45:00","65 Longview Circle",True,"luctus et ultrices"
947,4,40,"13:03:00","19:46:00","91 Butternut Street",True,"vestibulum"
948,7,50,"07:34:00","21:24:00","20973 Schurz Road",True,"est"
949,2,43,"16:24:00","17:34:00","8057 Talmadge Junction",True,"amet turpis elementum"
950,1,47,"16:43:00","19:26:00","6 Becker Plaza",True,"fringilla"
951,3,26,"07:48:00","17:19:00","639 Columbus Alley",True,"vestibulum vestibulum ante"
952,4,98,"11:18:00","17:03:00","5525 Drewry Terrace",True,"donec dapibus duis"
953,3,56,"14:43:00","20:52:00","06741 Veith Plaza",True,"ante ipsum"
954,1,77,"13:58:00","17:42:00","82 Oakridge Hill",True,"habitasse platea dictumst"
955,6,94,"04:13:00","23:24:00","50092 Lindbergh Street",True,"sed vel"
956,7,83,"10:10:00","22:49:00","73 Heffernan Point",True,"sem"
957,6,21,"05:45:00","20:10:00","5662 Mayer Pass",True,"in eleifend quam"
958,7,73,"11:29:00","17:33:00","28278 Crownhardt Plaza",True,"vitae"
959,7,68,"14:13:00","23:00:00","8232 Truax Center",True,"amet justo morbi"
960,3,44,"14:41:00","18:05:00","92 Tony Circle",True,"dui"
961,3,45,"10:08:00","23:52:00","8 Bluestem Trail",True,"pulvinar sed"
962,5,54,"05:33:00","19:30:00","51 Alpine Junction",True,"erat nulla"
963,6,48,"05:32:00","19:40:00","011 Sunfield Road",True,"erat tortor"
964,6,77,"05:42:00","21:54:00","4886 Scott Circle",True,"in tempor"
965,1,25,"07:09:00","19:14:00","08 Erie Hill",True,"in"
966,5,60,"04:47:00","22:03:00","83 Mcbride Point",True,"amet nulla"
967,1,44,"09:28:00","17:01:00","68168 Kipling Street",True,"odio donec vitae"
968,5,74,"09:04:00","21:32:00","25 Sachtjen Crossing",True,"ultrices"
969,6,25,"16:47:00","20:45:00","2445 Russell Avenue",True,"sed"
970,1,87,"14:58:00","22:05:00","548 Quincy Court",True,"turpis"
971,3,28,"06:18:00","22:34:00","79 Pepper Wood Pass",True,"rutrum"
972,2,98,"15:11:00","22:10:00","97175 Novick Plaza",True,"posuere"
973,4,100,"11:07:00","22:08:00","25 Forest Circle",True,"lectus"
974,1,88,"07:31:00","22:30:00","8014 Declaration Hill",True,"risus"
975,2,29,"05:47:00","19:11:00","038 Hallows Drive",True,"est"
976,1,53,"12:49:00","18:17:00","00 Amoth Alley",True,"interdum in"
977,2,71,"14:39:00","19:59:00","36448 Anniversary Park",True,"id lobortis convallis"
978,3,66,"04:56:00","18:54:00","63737 Acker Trail",True,"eu"
979,4,14,"11:36:00","18:00:00","70364 Hanover Way",True,"nibh in"
980,2,60,"10:06:00","20:55:00","16 Chinook Plaza",True,"urna pretium nisl"
981,2,93,"06:39:00","18:12:00","99620 Lake View Terrace",True,"nibh"
982,1,13,"04:52:00","22:09:00","49 Doe Crossing Hill",True,"turpis"
983,5,89,"13:42:00","18:36:00","090 Stang Pass",True,"vestibulum eget vulputate"
984,4,35,"14:38:00","18:20:00","3349 Nelson Parkway",True,"rhoncus sed vestibulum"
985,3,50,"08:24:00","17:54:00","77 Anhalt Crossing",True,"erat"
986,5,50,"14:49:00","22:51:00","4 Logan Lane",True,"nulla"
987,5,49,"14:23:00","18:45:00","8292 Fisk Plaza",True,"velit"
988,2,13,"08:22:00","23:04:00","1 Lakewood Gardens Plaza",True,"amet eros"
989,3,74,"11:09:00","23:15:00","99 Graceland Road",True,"vestibulum"
990,2,73,"09:40:00","19:58:00","6 Dayton Court",True,"aliquet massa"
991,4,36,"06:16:00","20:16:00","5548 La Follette Way",True,"praesent"
992,7,58,"12:34:00","22:55:00","6 Hovde Trail",True,"gravida sem praesent"
993,1,73,"13:12:00","20:43:00","7 Helena Drive",True,"cursus"
994,6,75,"05:11:00","21:47:00","719 Namekagon Center",True,"id"
995,6,60,"04:37:00","17:03:00","62 Commercial Junction",True,"ipsum integer"
996,7,48,"06:49:00","23:14:00","9012 Prairieview Lane",True,"felis fusce"
997,2,41,"08:09:00","20:19:00","75 Kennedy Alley",True,"a libero nam"
998,6,82,"14:23:00","19:22:00","77365 2nd Park",True,"nibh in"
999,1,61,"04:59:00","23:17:00","3491 Graedel Way",True,"sit"
1000,7,33,"05:22:00","19:01:00","75464 Westridge Plaza",True,"odio in hac"
1001,6,33,"05:08:00","21:12:00","400 Crest Line Center",True,"nec condimentum neque"
1002,1,43,"08:54:00","18:11:00","67801 Sundown Court",True,"orci luctus"
1003,4,58,"16:19:00","22:16:00","0 Surrey Center",True,"dui"
1004,6,32,"12:57:00","22:43:00","1 Annamark Crossing",True,"phasellus"
1005,7,32,"12:23:00","22:32:00","39274 Forster Drive",True,"metus vitae"
1006,7,22,"07:28:00","20:10:00","30959 Arrowood Lane",True,"est"
1007,5,74,"08:33:00","17:04:00","80660 Warbler Alley",True,"libero nullam"
