restaurantid,jobid,dateofbirth,has_driversliscence,name,cityid
634,3,1977-09-03,true,Sybilla Flahive,3
713,3,2003-11-08,true,Willem McAlpin,5
539,3,1964-02-26,true,Bridgette Euston,2
934,3,1987-12-26,true,Lilah MacAscaidh,2
628,1,1986-04-05,true,Cort Teideman,6
809,2,2000-10-26,true,Jeremias Androck,3
894,2,2004-04-18,true,Gae Wimlet,6
565,3,1992-01-31,true,Jasper Basillon,6
636,3,1967-05-11,true,Elka Tebbutt,2
906,1,1971-02-19,true,Jozef Braven,7
627,2,1964-07-11,true,Sheridan Gozard,1
625,1,1968-10-12,true,Alexandre Capinetti,4
665,2,1999-05-20,true,Noble Addinall,2
1003,1,1961-06-20,true,Lindon Windsor,7
776,3,1963-03-15,true,Doti Benedidick,4
597,1,1991-08-25,true,Seamus Laterza,5
654,3,1977-12-28,true,Jacky Loutheane,7
682,3,1987-03-09,true,Burton Basindale,3
746,2,1977-12-31,true,Cammy Matejic,3
880,1,1979-11-07,true,Gwenny Cancelier,2
587,1,1986-12-15,true,Aigneis Quig,1
703,3,1988-09-12,true,Reine Booley,6
538,1,1965-10-24,true,Kassandra Narducci,5
972,2,1988-05-15,true,Stacee Chaplin,3
649,1,1976-01-12,true,Freddy Dixcee,3
995,1,1995-06-25,true,Michaela Common,3
994,1,1986-04-21,true,Oren Brodhead,1
606,3,1968-12-25,true,Iorgos Flisher,3
607,1,1980-07-07,true,Alvinia Mendes,5
657,1,1976-07-17,true,Nolly Hestrop,6
638,1,1987-12-30,true,Layne Vergine,1
737,1,1994-11-25,true,Claresta Pickerell,6
750,1,1981-12-09,true,Jasmin Louden,7
636,1,1984-09-20,true,Horatius Yeatman,6
827,2,1974-08-19,true,Nollie Wisniowski,5
645,3,1974-07-08,true,Lind Scholl,6
684,1,1985-04-08,true,Trudy Cromblehome,5
997,1,1983-12-02,true,Marylou Goldbourn,2
625,2,1966-09-17,true,Anni Gjerde,3
582,3,2000-09-01,true,Dominga Chevolleau,7
697,2,1969-04-09,true,Artair Kirman,2
878,2,1972-07-01,true,Vida Deakan,4
987,3,1968-02-12,true,Shaina Guess,5
832,1,1995-03-31,true,Karyl Crossby,1
941,1,1962-02-28,true,Adi Saphir,7
599,1,1991-03-16,true,Jory Borles,1
768,3,1973-12-15,true,Johnny Pheazey,3
536,2,1987-12-30,true,Rutter Patience,6
594,1,1999-01-22,true,Ashil Boribal,6
743,3,1981-04-10,true,Gare Sloan,3
828,1,1982-03-22,true,Sherlock Lowen,3
749,1,1992-10-25,true,Robert Etteridge,1
687,1,1981-05-20,true,Beitris Molineaux,1
571,3,1983-06-23,true,Baron Culbert,3
655,1,1988-05-20,true,Kev Peckett,5
897,2,2004-10-13,true,Essy Minico,2
561,1,1978-04-22,true,Huey Roth,3
754,1,2002-07-24,true,Ema Aires,6
894,3,1966-09-29,true,Hall Goulborne,4
872,1,1990-02-07,true,Fairfax Gager,2
925,3,1982-06-19,true,Marquita Santello,6
924,3,1973-03-25,true,Xenia Skirvin,7
592,2,1976-01-11,true,Theressa Ordemann,2
817,3,2004-08-18,true,Siana Lapworth,3
751,3,1980-03-21,true,Karrah Kryszkiecicz,1
671,1,1986-03-20,true,Daphna Catlin,2
693,1,1969-09-19,true,Carney Gantlett,2
512,3,1971-02-18,true,Farra Houselee,4
662,1,1985-05-12,true,Silvia Barkus,1
871,3,2003-11-19,true,Norman Ansell,7
768,1,1985-06-13,true,Gael Shilstone,7
752,1,1999-06-10,true,Rasia Armistead,1
772,1,1991-06-22,true,Jordana Breffit,1
992,3,1969-07-28,true,Irv Wellington,7
842,1,2000-06-15,true,Britney Wooding,4
767,1,1977-05-25,true,Jermayne Stirland,7
602,1,1982-12-09,true,Corbett McDowell,6
824,2,1961-09-27,true,Romonda Glancey,1
947,2,2005-11-26,true,Darla Plunket,3
904,2,1990-12-08,true,Marge Berkley,3
772,1,1962-07-28,true,Henri Zapater,7
864,2,1994-09-10,true,Barnabas Henricsson,4
978,3,1994-06-04,true,Jorrie Kingham,2
729,1,1989-10-27,true,Cirilo Maltman,3
924,1,1987-02-23,true,Rafaelita Winch,4
628,1,1965-05-15,true,Olvan Orleton,1
729,3,1980-11-18,true,Thurstan Scrivinor,2
547,1,1999-07-11,true,Gabie Patterfield,3
919,1,1980-03-09,true,Ara Valenta,6
584,3,1965-09-06,true,Amalie Oleksiak,7
755,1,1970-09-26,true,Tirrell Heinreich,3
615,1,2001-07-21,true,Jaymee Manjin,4
897,3,1990-11-06,true,Dede Piaggia,5
868,1,1985-07-07,true,Rivi Ellacombe,5
740,2,1971-07-30,true,Mordy Raleston,2
669,1,2000-03-04,true,Elene Sclanders,2
883,3,1989-12-31,true,Dale Wayvill,6
808,1,1976-01-19,true,Storm Achurch,6
801,1,1979-07-22,true,Clem Tansly,7
751,1,1974-02-28,true,Humphrey Grandisson,5
538,3,1974-08-08,true,Cristal McAnulty,4
735,1,1963-12-12,true,Magnum Donet,1
561,2,2000-01-30,true,Wash Mildner,5
715,2,1972-05-07,true,Carl Moogan,7
696,2,1986-05-31,true,Nicoli Bilton,1
906,3,1965-06-13,true,Kahaleel Campsall,5
800,2,1999-04-09,true,Raymond Snadden,4
636,3,1980-10-20,true,Tucker Spaight,6
738,2,2005-08-29,true,Lucretia Carrack,3
723,1,1980-12-02,true,Arlette Taberer,5
670,1,1986-12-26,true,Regan Murdie,3
794,2,1998-03-07,true,Hyman Vischi,5
591,1,2004-02-29,true,Reinaldo Griss,4
982,1,1967-07-04,true,Ewan Merlin,5
589,2,2000-11-28,true,Octavia Purchase,6
542,1,1999-01-27,true,Christie Dalton,3
740,2,2000-01-09,true,Lynette Beck,6
798,2,1994-04-06,true,Giselle Laffan,7
545,2,1999-07-11,true,Mohandas Loy,3
996,2,1976-07-07,true,Thayne Pattison,5
799,2,1992-04-26,true,Krishna Elsdon,5
885,3,1961-06-27,true,Wiatt Pavkovic,5
941,1,1967-03-30,true,Launce Merrikin,7
861,3,1983-01-16,true,Birdie Linstead,5
664,3,1977-01-01,true,Murry Warden,4
822,1,1996-07-11,true,Matty Menure,3
542,2,1974-04-28,true,Fraze Danniell,3
533,2,1983-12-21,true,Michel Willison,3
676,3,1978-08-25,true,Nolly Petrovykh,1
675,1,1961-06-08,true,Packston Donhardt,4
774,2,1998-10-31,true,Buddie Bifield,3
957,2,1977-09-19,true,Catlee Aimeric,6
659,1,1984-07-10,true,Cookie Harteley,4
760,3,1978-03-03,true,Egbert Dun,4
700,2,2000-06-06,true,Cathrine Toopin,2
769,3,2004-06-06,true,Cyndi Moreside,4
811,3,1974-08-30,true,Devonna Kuhnke,2
984,1,1961-09-18,true,Cozmo Bleakley,2
531,3,1969-05-05,true,Jephthah De Biasio,4
584,2,1996-03-04,true,Cicely Pepon,6
931,1,2004-12-29,true,Guinna Sandbrook,1
516,3,2001-10-17,true,Carlo Pendered,7
631,1,1989-12-10,true,Hal Strong,6
784,2,1975-07-14,true,Staford Tufts,1
753,3,1982-05-15,true,Kingsly Cogley,5
759,2,1995-03-07,true,Corinna Ellingham,6
617,3,1999-12-28,true,Skipper Lavis,5
553,2,2005-03-31,true,Mavis Manilow,4
697,1,1985-10-27,true,Kerk Davson,5
798,2,2003-07-03,true,Wenona Mars,2
714,1,1983-01-09,true,Barrie Button,5
838,1,1979-09-13,true,Richy Doag,3
599,2,1966-05-07,true,Corabella Ahlf,5
821,3,1999-03-31,true,Bridgette Ryland,3
853,2,1967-10-15,true,Emelyne Fenemore,3
819,3,1972-02-03,true,Ewan Ghilks,1
712,1,1981-07-28,true,Marmaduke Dawtrey,2
766,3,1985-04-23,true,Joela Sam,3
662,3,1986-02-24,true,Caresa Dukes,5
776,2,1970-06-13,true,Emmet Cummungs,4
544,2,1992-12-22,true,Heddi Coggeshall,6
863,1,1985-06-06,true,Irwinn Letertre,2
676,2,1999-01-04,true,Monte Coning,3
922,1,1979-03-30,true,Melonie Fulford,2
725,1,1982-12-26,true,Jarvis Sloper,3
613,3,1993-11-26,true,Valery Cowdrey,1
983,3,1999-11-11,true,Venita Gowthorpe,6
693,1,1990-09-06,true,Theressa Leggate,6
550,1,1994-09-01,true,Laraine Henrichsen,4
828,3,1964-01-09,true,Melodie Parsonson,5
653,1,1969-06-04,true,Penelope Gaddie,5
547,3,2004-08-05,true,Claudine Rearden,1
748,1,1998-08-18,true,Gerrard Bartolozzi,3
944,1,1973-10-27,true,Byrann Sango,1
950,3,1968-02-21,true,Tybi Pouck,3
749,1,1980-10-29,true,Sibylle Brankley,3
744,1,1997-06-09,true,Cassaundra Calrow,4
949,1,1994-10-20,true,Milka Harbor,3
661,3,1996-05-14,true,Rudiger Skerratt,6
808,1,1977-08-26,true,Beret Batchelar,2
523,1,1973-08-07,true,Woodrow Stanistreet,4
812,2,1996-06-23,true,Zack Chieco,4
823,3,1975-05-29,true,Tate Gawkes,2
830,2,2005-07-08,true,Artus Natte,4
590,2,1991-05-16,true,Kittie Diglin,1
661,2,1978-07-03,true,Erminia Mabone,3
725,1,1964-09-26,true,Verla Giacomuzzi,5
644,2,1974-10-19,true,Marla Wille,4
528,3,1987-08-01,true,Henrie Bonelle,3
903,2,1985-11-21,true,Corny Sercombe,6
629,1,1966-05-27,true,Pammie Poate,7
833,3,2002-07-27,true,Camilla Duddin,7
701,1,1985-01-29,true,Mathilde Satford,6
639,3,1985-03-03,true,Sadye Pavese,3
819,1,1992-09-01,true,Biron Greenhouse,6
854,1,1978-12-26,true,Dallon Cocks,7
846,2,2005-11-07,true,Eb Olenichev,4
958,3,2002-06-18,true,Reba McGlew,3
902,1,1964-07-30,true,Arda Shoreman,4
723,3,1979-07-21,true,Stormy Anand,7
788,3,1994-10-17,true,Brandise Lambie,1
951,3,1968-11-23,true,Eva Kemmett,3
766,1,1977-03-30,true,Fred Ellsom,4
857,2,1974-12-28,true,Celle Charman,4
569,2,1963-02-27,true,Zea Garioch,3
968,2,1981-01-06,true,Korey Tomsa,4
976,2,1997-11-25,true,Osborn Stirzaker,7
598,1,1969-07-20,true,Rachele Ciepluch,3
842,3,1987-12-12,true,Lynsey Eginton,7
857,3,1991-10-06,true,Aileen McGivena,3
925,1,1972-04-04,true,Alec Castanaga,4
793,1,1972-11-26,true,Catlin Emmanuel,5
939,3,1971-12-17,true,Billy Duncklee,7
612,3,1977-03-24,true,Cristobal Crevy,4
617,2,1999-10-16,true,Josie Maciak,1
862,2,1961-06-11,true,Rutledge Haws,5
896,3,1990-11-08,true,Mahalia Chasles,6
693,2,1965-10-09,true,Lian Vayro,6
939,2,1999-12-06,true,Conny Dickings,6
1000,1,1969-07-31,true,Debbi Dailey,2
514,3,2000-10-31,true,Sissie Wigin,6
998,3,1968-03-21,true,Linette Eckhard,3
702,3,1995-08-26,true,Clarke Terrey,6
985,1,1978-01-07,true,Silvia Antoniades,2
644,1,2005-01-11,true,Ludovico Lockyer,3
747,1,1996-10-12,true,Jemima Vinecombe,4
887,1,1973-09-12,true,Saunderson Teaz,2
596,1,2003-11-10,true,Hilarius Odams,6
579,2,2004-03-14,true,Thorsten Greenmon,6
611,1,1976-03-25,true,Pia Rogez,1
958,1,1999-07-11,true,Oralia Patifield,1
938,1,1994-11-16,true,Otha Jodkowski,2
566,2,1982-12-14,true,Lynea Matches,7
929,3,1993-04-20,true,Gusty Goble,4
912,2,1999-03-31,true,Mill Brewett,4
683,1,2001-03-23,true,Albina Yarker,1
635,3,1992-06-29,true,Mervin Holttom,5
769,1,2000-08-05,true,Temp Lowndsborough,3
586,3,1971-09-08,true,Trixie Halpin,3
647,2,1990-08-16,true,Midge Poore,2
770,2,1962-03-03,true,Mikey Hein,2
964,3,1998-10-23,true,Linell Cathie,3
780,2,1970-11-26,true,Evey Matussov,6
987,2,1962-01-04,true,Gabie Raoult,6
978,2,1993-07-14,true,Lorelei Barhems,3
579,2,1988-07-11,true,Phil Cutts,6
758,1,1993-09-03,true,Annabela Nanninini,7
626,1,1992-11-18,true,Lowrance Golston,5
565,1,1993-03-31,true,Eben Jervoise,1
705,2,1988-09-22,true,Mikaela Mintoft,5
877,2,1991-10-09,true,Christabella McClure,6
824,2,1975-03-14,true,Kara-lynn Magill,5
712,2,2003-01-22,true,Starla Foord,5
1003,2,1984-03-14,true,Beilul Chantillon,7
684,3,1988-05-04,true,Gasper Klement,3
732,1,1990-10-11,true,Alex Jellico,6
952,1,1963-04-08,true,Trix Sweetlove,7
704,2,1984-12-21,true,Kylie Dumbrall,3
711,3,1989-09-02,true,Rozelle Dumbare,5
778,3,2004-05-23,true,Rea O'Luney,1
837,3,1969-12-23,true,Aylmar Butlin,5
961,1,2004-09-29,true,Saloma Josh,7
831,3,1991-12-18,true,Warren Mulliner,3
758,1,1972-05-11,true,Robert Chate,3
822,3,1961-12-14,true,Hewie Gley,7
679,3,2003-12-27,true,Fredra Vanlint,4
919,3,1988-05-10,true,Wat Scyone,2
744,2,1969-10-28,true,Merwyn Noke,4
698,3,1988-03-03,true,Vitoria Arkley,3
731,2,1998-10-12,true,Adrienne Savidge,3
899,2,1972-01-11,true,Elizabet Stebbing,2
513,3,2001-08-09,true,Read Sumpton,3
857,2,1979-05-07,true,Carlotta Griniov,2
919,1,1990-06-13,true,Maddy Lainton,1
560,3,1989-11-14,true,Winnie Vasyutkin,1
590,1,2004-04-17,true,Jed Todd,4
622,2,1995-03-22,true,Pip Cambden,2
686,2,1991-01-06,true,Abbie Wimbridge,5
902,1,1998-12-15,true,Briny Shekle,6
937,2,1965-04-17,true,Ethelyn Portigall,7
945,1,1999-10-29,true,Fay Roughey,3
798,3,1986-09-17,true,Marigold Nuzzi,1
966,3,1961-08-28,true,Chad Neumann,6
922,1,1973-11-10,true,Wendell Draxford,6
872,1,2001-05-22,true,Hamlen Edyson,4
884,3,1971-10-28,true,Teressa Menham,4
628,1,2003-07-18,true,Kiel Orteau,3
564,1,2004-07-13,true,Spense Oddie,7
901,3,1985-02-22,true,Starlin Castanyer,5
725,2,1970-09-11,true,Julio Medendorp,7
645,1,1992-10-10,true,Cornelle Buddle,6
525,2,1975-04-02,true,Gert Dyment,2
774,1,1965-05-13,true,Emlen Meneyer,5
515,1,2003-11-03,true,Lesya Sigmund,3
795,3,1972-02-07,true,Felicle Gittis,6
838,2,1986-08-03,true,Sigismundo Halfacree,2
594,2,1967-11-04,true,Sheridan Pedlingham,6
880,2,2002-05-21,true,Hill Sloey,4
724,1,1970-12-27,true,Elissa Liddicoat,4
610,1,1987-06-15,true,Gail Dickons,1
676,2,1984-10-03,true,Rora Belchambers,4
737,1,1984-12-21,true,Madelene Ivens,4
572,1,1995-03-31,true,Stanford Patel,2
808,3,2002-11-01,true,Lavena Bisatt,6
634,2,1967-08-23,true,Beitris MacAllan,1
558,2,1967-05-07,true,Werner Menelaws,6
675,2,1992-09-15,true,Salomone Burditt,4
572,3,1964-08-16,true,Colline Ghione,1
667,3,1980-10-27,true,Sabra Scafe,6
572,2,2000-06-05,true,Allegra Lillow,4
947,1,1991-07-26,true,Tracie Blunsden,7
631,2,1977-07-25,true,Fanechka Drover,5
983,2,1989-08-02,true,Isidor Ingham,1
859,2,2004-12-21,true,Adda Mulrooney,6
548,3,1976-02-27,true,Bondy Ashment,4
725,3,1995-05-29,true,Toddy O'Hallagan,3
543,2,1974-05-07,true,Stephanie Tuffley,2
949,3,1992-11-17,true,Christie Doble,5
701,3,1993-03-03,true,Franciska Cavalier,2
691,1,1960-12-09,true,Phaedra Iley,4
879,2,1964-07-13,true,Tucker Castanares,7
599,1,1986-03-24,true,Linn Trevaskis,7
609,1,1980-02-29,true,Katya Walley,2
824,1,1994-01-09,true,Bianca Poyntz,5
780,2,1992-09-24,true,Lurleen Oxbe,1
908,2,1979-03-05,true,Mose Robertet,5
825,2,1975-08-16,true,Silvana Furzey,7
632,2,1963-05-15,true,Sinclair Reskelly,7
952,1,1967-09-23,true,Ida Killeley,4
599,1,1961-12-30,true,Hanson Surr,4
694,1,1973-01-10,true,Harli Formie,7
791,3,1969-08-19,true,Byrle Alesio,6
769,3,1985-08-11,true,Theodore Milburn,2
950,2,1986-09-02,true,Hans Cluney,3
1006,1,1975-09-25,true,Camella Valentinetti,6
704,2,1962-10-26,true,Marie-jeanne Cussins,3
858,1,1992-03-29,true,Cloris Winchcombe,5
539,1,1995-11-27,true,Glad Saffill,7
691,3,2005-01-13,true,Olenka Mill,7
987,3,1985-09-25,true,Sadella Snalom,1
604,2,1996-03-01,true,Anjanette Joisce,1
508,1,1966-10-03,true,Mireille Wrightham,6
636,3,2005-01-31,true,Tony Lamzed,4
533,1,1987-04-03,true,Claudius Bauser,2
642,1,1982-09-08,true,Geoff Casone,7
794,2,1966-12-16,true,Marlena Stoller,3
588,2,1971-05-07,true,Rania Rothman,2
640,2,1978-05-18,true,Mary Farrance,5
949,2,2000-03-30,true,Gary d'Arcy,7
643,2,1969-10-22,true,Park Meechan,4
777,3,1986-11-16,true,Brander Dougal,7
747,2,1973-12-29,true,Jaclin Boards,7
572,1,1986-02-07,true,Padgett Marioneau,2
763,1,1996-12-23,true,Nichole Cruddas,1
939,1,1968-06-20,true,Davey Curwood,7
786,3,1995-09-09,true,Bevon Dowman,6
706,2,1993-02-05,true,Bran Hourican,2
528,2,2003-03-12,true,Hillie Pindred,5
942,1,1980-04-01,true,Oralia Menier,5
773,3,1973-11-09,true,Gustavo Ainsby,7
833,1,1962-06-18,true,Eduino Harvie,3
892,2,1963-05-24,true,Danika Jakuszewski,2
838,3,1970-10-26,true,Glennis McLae,3
571,1,2003-03-12,true,Christiane Truswell,5
592,3,1961-04-13,true,Bee Dinnis,3
675,1,1961-08-05,true,Glyn Corton,2
977,3,1992-08-18,true,Loria Jarry,5
547,2,1999-08-01,true,Obidiah Tither,4
904,2,1972-11-22,true,Keene Romanski,3
974,1,1968-08-03,true,Karoly Sunock,1
517,3,1984-01-18,true,Lynnelle Blasl,6
837,2,1964-02-18,true,Jakob Kennan,3
657,2,1984-11-01,true,Glenda Padwick,5
910,2,1966-01-17,true,Henrietta Sproston,5
742,2,1976-06-08,true,Lorena Sail,7
571,3,1961-07-19,true,Iggie Robbey,6
550,2,1986-08-06,true,Jefferey Whittock,6
805,2,1961-06-19,true,Gil Arzu,5
610,2,1986-06-11,true,Jamil Larive,6
871,3,2002-11-02,true,Alasdair Strongman,1
653,2,1976-10-03,true,Clo Fulop,3
781,1,1986-08-28,true,Bennie Duncombe,2
923,1,1987-10-25,true,Leonard Bernlin,6
670,1,1991-10-28,true,Hi Sitlington,2
829,1,1976-05-29,true,Emelina Heggman,3
887,2,1967-06-08,true,Leeanne Jeaffreson,4
668,3,1968-12-02,true,Annis Bracco,2
527,3,1962-02-19,true,Joceline Kenway,2
836,2,1981-04-11,true,Barnard Coronado,7
537,1,1980-10-10,true,Lorene Vowels,2
1004,3,1989-06-04,true,Aile Searle,7
701,1,2001-12-13,true,Kris Bernardez,6
931,1,1979-09-02,true,Valry Ohrt,1
942,1,1969-09-17,true,Dru Becket,3
984,2,1992-02-02,true,Clemmie Rimell,6
576,3,1977-05-10,true,Leonid Blazhevich,6
705,3,1994-04-04,true,Kym Bardill,4
537,3,1972-11-26,true,Wallis Allawy,7
855,1,1983-10-17,true,Gray Bello,2
812,2,2000-09-02,true,Tracee Biskupiak,3
899,3,1986-09-05,true,Lloyd Chipchase,2
953,2,1979-08-22,true,Luke Oattes,6
867,2,1961-06-08,true,Sioux Schrir,7
871,3,1982-04-26,true,Herb Creese,4
603,3,2003-07-15,true,Issiah McAsgill,5
532,2,1992-11-18,true,Lenora Dewsbury,4
988,2,1969-03-27,true,Lucius Dymoke,1
906,2,1997-07-09,true,Marven Hannent,1
817,1,1984-11-28,true,Kare Popelay,7
688,1,1969-05-18,true,Breanne Corradi,5
722,2,1993-07-25,true,Uriel Gryglewski,1
559,1,1993-10-08,true,Vere Stannus,3
626,3,1995-03-01,true,Rafferty Millan,5
746,3,1964-03-26,true,Desmund Braunter,1
726,3,1979-01-17,true,Doloritas Arlott,2
894,1,1991-03-09,true,Hildegarde Mc Pake,7
756,2,1976-11-07,true,Garner Falconar,5
725,2,1972-01-31,true,Vilma Roff,5
885,2,2000-06-07,true,Pansie Fathers,3
1000,2,1978-07-15,true,Aleta Overshott,2
795,2,1991-03-26,true,Edik Archer,2
678,2,1991-09-05,true,Johnathon Kasperski,2
976,2,2004-11-18,true,Estelle Sulland,4
528,3,1974-09-05,true,Emlyn Jankiewicz,6
662,2,2000-02-15,true,Alvin Sagerson,2
922,1,1982-05-06,true,Stephi Stephens,6
709,2,2005-06-05,true,Mildrid Dykas,7
740,3,1993-12-29,true,Rosene Maile,2
683,1,1999-06-06,true,Catharina Watsham,7
987,2,1964-08-02,true,Kermie Coxhell,1
652,2,1966-10-13,true,Beilul Hulmes,6
702,1,1973-08-29,true,Lydon Penson,4
688,3,1996-11-09,true,Stephine Luxmoore,2
642,1,1997-01-10,true,Forbes Philippault,6
719,1,1990-09-28,true,Pancho Mee,5
886,2,1992-05-08,true,Virgie Curl,2
1002,1,2001-08-24,true,Olivero Pullin,5
975,1,1979-12-09,true,Alessandro Surguine,4
713,3,1976-03-10,true,Benedict Vasilov,2
977,2,2004-02-15,true,Egbert Varran,6
681,3,1973-02-21,true,Aubrette Huske,4
1007,3,2000-06-28,true,Emmet Overall,1
899,1,1981-01-17,true,Sibbie Tallyn,6
954,3,1969-04-10,true,Alphonse Pendrigh,2
811,3,1991-03-13,true,Hortense Gillam,5
784,1,1984-06-16,true,Gerek Shimmings,7
954,3,1991-11-02,true,Louisette Barter,3
638,2,2003-11-10,true,Loy Coggell,7
872,1,1972-01-23,true,Elliott Salmons,5
704,1,1975-04-14,true,Angie McNae,1
815,2,1976-07-27,true,Cal Martill,3
667,3,2003-12-05,true,Gifford Heustace,3
523,1,1982-02-03,true,Lyssa Verzey,7
572,2,1968-10-24,true,Pooh Bragge,7
726,1,1975-02-13,true,Gavan MacAllen,4
585,3,2001-01-22,true,Mel Ellor,3
836,1,2003-04-26,true,Sybilla Bilston,2
562,2,1991-12-19,true,Addi Berrecloth,3
643,2,1970-09-08,true,Bondon Beckley,6
767,3,1984-12-09,true,Mitchel Rothschild,5
676,3,1979-06-23,true,Wayne Diamond,3
720,2,1994-11-15,true,Cathe Watters,6
820,2,1961-08-08,true,Cammy Dunmore,6
730,2,2002-03-03,true,Joletta Wroe,2
884,3,2004-07-26,true,Jock Matuszyk,7
724,3,1987-06-06,true,Phyllys Ingamells,3
888,2,1970-10-25,true,Daisy Lourenco,1
790,1,1978-12-24,true,Valeria Drinnan,5
509,1,1986-02-14,true,Olia Lamberton,2
799,1,1961-02-21,true,Aland Parvin,4
602,2,2005-10-25,true,Danyelle Meadows,6
928,2,1989-08-12,true,Cherlyn McCrea,6
520,3,1976-11-17,true,Alessandra Kenningham,3
908,3,1977-11-08,true,Tamiko Gage,7
673,1,1997-10-17,true,Franky Basek,3
674,2,1981-06-11,true,Edouard Tallow,2
912,3,1965-11-15,true,Findlay Ogg,1
808,1,1961-11-16,true,Eba Wagerfield,4
570,1,1981-04-12,true,Albertine Saul,7
920,2,1963-09-14,true,Stefano Novotni,3
570,3,1970-10-14,true,Mallory Loghan,1
741,1,1963-02-10,true,Allix Kaspar,2
733,1,1962-09-22,true,Parrnell Allard,3
522,3,1998-01-02,true,Jennilee Fourmy,2
831,3,1982-08-21,true,Hilliard Skyrme,7
924,3,1997-09-06,true,Hartwell MacIlwrick,6
936,2,1986-06-04,true,Annabelle Jakubovicz,5
657,1,1965-10-25,true,Heath Weekley,1
811,1,1970-08-07,true,Roby Gherardesci,6
584,1,1965-11-29,true,Anne-marie Vise,4
808,2,1979-08-30,true,Kikelia Pedycan,3
846,2,1983-01-23,true,Northrup Frunks,5
534,2,1991-10-10,true,Dieter Aire,4
732,3,1993-06-08,true,Marney Caddie,1
1004,3,1997-01-03,true,Winny Shrimpton,3
804,1,1962-05-05,true,Gard Dwine,4
956,3,1986-02-20,true,Patric Demkowicz,5
929,3,1987-06-27,true,Novelia Clapham,6
624,1,1988-06-13,true,Jackie Toll,7
526,3,1994-06-29,true,Kissiah Sporrij,5
